line_id,count,target,shift
Floor-4-Wing-South-Line-5,1080,1200,C
Floor-1-Wing-North-Line-3,1012,1200,C
Floor-4-Wing-South-Line-5,1316,1500,C
Floor-4-Wing-South-Line-4,1374,1500,C
Floor-2-Wing-North-Line-1,638,800,A
Floor-1-Wing-North-Line-3,1467,1500,C
Floor-3-Wing-North-Line-3,2000,2000,B
Floor-2-Wing-North-Line-5,776,800,B
Floor-2-Wing-South-Line-4,748,800,B
Floor-4-Wing-South-Line-5,716,800,A
Floor-1-Wing-North-Line-4,641,800,B
Floor-4-Wing-South-Line-4,396,500,B
Floor-3-Wing-North-Line-2,1091,1200,C
Floor-1-Wing-North-Line-4,1860,2000,B
Floor-4-Wing-North-Line-2,1089,1200,A
Floor-4-Wing-North-Line-2,404,500,C
Floor-2-Wing-South-Line-5,1629,2000,B
Floor-5-Wing-North-Line-2,975,1200,A
Floor-1-Wing-North-Line-4,993,1200,B
Floor-4-Wing-North-Line-1,479,500,C
Floor-4-Wing-South-Line-2,1806,2000,A
Floor-1-Wing-North-Line-5,415,500,A
Floor-4-Wing-North-Line-5,499,500,A
Floor-2-Wing-North-Line-1,1512,1500,B
Floor-3-Wing-North-Line-4,1825,2000,C
Floor-5-Wing-North-Line-1,679,800,A
Floor-5-Wing-North-Line-2,1632,2000,C
Floor-4-Wing-South-Line-2,1617,2000,C
Floor-3-Wing-North-Line-5,1082,1200,B
Floor-3-Wing-North-Line-1,1373,1500,B
Floor-4-Wing-South-Line-1,1986,2000,B
Floor-4-Wing-South-Line-4,1356,1500,B
Floor-1-Wing-South-Line-3,1288,1500,C
Floor-2-Wing-North-Line-3,1818,2000,A
Floor-5-Wing-South-Line-1,1501,1500,A
Floor-4-Wing-South-Line-3,1095,1200,A
Floor-2-Wing-North-Line-3,1388,1500,A
Floor-1-Wing-South-Line-4,1176,1500,B
Floor-2-Wing-South-Line-2,451,500,C
Floor-4-Wing-South-Line-4,2030,2000,A
Floor-1-Wing-South-Line-4,1260,1500,B
Floor-4-Wing-South-Line-1,1217,1500,A
Floor-4-Wing-South-Line-4,499,500,B
Floor-3-Wing-North-Line-1,1633,2000,C
Floor-1-Wing-South-Line-3,459,500,A
Floor-2-Wing-North-Line-4,492,500,A
Floor-4-Wing-South-Line-3,1224,1500,B
Floor-4-Wing-South-Line-3,659,800,C
Floor-4-Wing-South-Line-2,2008,2000,C
Floor-1-Wing-North-Line-5,395,500,A
Floor-2-Wing-North-Line-1,393,500,A
Floor-1-Wing-South-Line-3,402,500,A
Floor-4-Wing-North-Line-2,1764,2000,C
Floor-5-Wing-South-Line-4,460,500,C
Floor-2-Wing-South-Line-4,1762,2000,A
Floor-3-Wing-South-Line-4,1374,1500,B
Floor-5-Wing-South-Line-2,940,1200,B
Floor-5-Wing-North-Line-5,1188,1200,C
Floor-2-Wing-North-Line-5,965,1200,A
Floor-5-Wing-North-Line-1,461,500,C
Floor-5-Wing-South-Line-1,1019,1200,A
Floor-3-Wing-North-Line-3,1497,1500,C
Floor-1-Wing-North-Line-5,1852,2000,C
Floor-3-Wing-South-Line-4,1494,1500,B
Floor-5-Wing-South-Line-3,472,500,A
Floor-1-Wing-South-Line-2,944,1200,C
Floor-2-Wing-North-Line-2,415,500,C
Floor-5-Wing-South-Line-2,674,800,A
Floor-2-Wing-South-Line-4,1487,1500,B
Floor-1-Wing-South-Line-5,714,800,B
Floor-2-Wing-South-Line-1,1223,1500,C
Floor-5-Wing-North-Line-2,404,500,C
Floor-3-Wing-South-Line-4,760,800,A
Floor-5-Wing-South-Line-2,1170,1200,A
Floor-4-Wing-North-Line-2,1833,2000,B
Floor-4-Wing-North-Line-3,417,500,C
Floor-2-Wing-North-Line-4,1386,1500,A
Floor-1-Wing-South-Line-2,800,800,A
Floor-1-Wing-North-Line-4,631,800,A
Floor-4-Wing-North-Line-1,488,500,B
Floor-3-Wing-North-Line-1,1208,1200,B
Floor-1-Wing-South-Line-5,1828,2000,A
Floor-1-Wing-North-Line-2,1315,1500,B
Floor-3-Wing-South-Line-2,505,500,C
Floor-5-Wing-South-Line-3,1299,1500,C
Floor-3-Wing-North-Line-1,410,500,C
Floor-3-Wing-North-Line-3,643,800,B
Floor-1-Wing-South-Line-2,498,500,B
Floor-5-Wing-North-Line-3,1409,1500,A
Floor-1-Wing-South-Line-2,438,500,A
Floor-1-Wing-South-Line-4,1227,1500,C
Floor-2-Wing-South-Line-2,470,500,A
Floor-3-Wing-South-Line-4,723,800,B
Floor-2-Wing-South-Line-4,1807,2000,C
Floor-2-Wing-South-Line-5,2025,2000,B
Floor-5-Wing-South-Line-5,698,800,A
Floor-4-Wing-South-Line-4,714,800,C
Floor-4-Wing-South-Line-4,696,800,A
Floor-5-Wing-North-Line-5,1697,2000,A
Floor-5-Wing-North-Line-1,1342,1500,A
Floor-4-Wing-North-Line-2,1742,2000,A
Floor-2-Wing-North-Line-3,416,500,B
Floor-4-Wing-South-Line-2,1951,2000,B
Floor-2-Wing-South-Line-5,718,800,A
Floor-2-Wing-South-Line-4,1177,1200,A
Floor-5-Wing-South-Line-1,788,800,C
Floor-1-Wing-South-Line-2,1115,1200,B
Floor-1-Wing-North-Line-1,713,800,C
Floor-5-Wing-South-Line-5,626,800,B
Floor-2-Wing-North-Line-4,678,800,B
Floor-1-Wing-North-Line-5,1177,1200,A
Floor-5-Wing-South-Line-1,460,500,B
Floor-2-Wing-South-Line-4,1205,1200,A
Floor-5-Wing-North-Line-4,1123,1200,A
Floor-3-Wing-North-Line-5,1992,2000,B
Floor-1-Wing-North-Line-3,1601,2000,A
Floor-1-Wing-South-Line-3,429,500,A
Floor-1-Wing-South-Line-5,970,1200,B
Floor-3-Wing-North-Line-4,1846,2000,B
Floor-2-Wing-North-Line-5,701,800,A
Floor-4-Wing-South-Line-4,795,800,B
Floor-2-Wing-North-Line-3,437,500,C
Floor-1-Wing-South-Line-1,1316,1500,A
Floor-2-Wing-North-Line-4,1509,1500,C
Floor-5-Wing-North-Line-1,1333,1500,A
Floor-2-Wing-South-Line-4,446,500,A
Floor-3-Wing-South-Line-4,2030,2000,B
Floor-5-Wing-South-Line-5,815,800,A
Floor-2-Wing-South-Line-4,1115,1200,C
Floor-3-Wing-North-Line-5,1683,2000,B
Floor-3-Wing-North-Line-3,645,800,B
Floor-5-Wing-South-Line-5,676,800,B
Floor-2-Wing-South-Line-2,1206,1500,A
Floor-2-Wing-South-Line-4,1377,1500,B
Floor-2-Wing-North-Line-2,1304,1500,B
Floor-2-Wing-South-Line-3,698,800,C
Floor-5-Wing-North-Line-1,1810,2000,A
Floor-3-Wing-North-Line-2,476,500,A
Floor-4-Wing-North-Line-1,1664,2000,B
Floor-4-Wing-North-Line-4,662,800,C
Floor-5-Wing-South-Line-2,1910,2000,C
Floor-3-Wing-South-Line-3,1120,1200,C
Floor-1-Wing-North-Line-4,1198,1500,A
Floor-5-Wing-South-Line-4,403,500,C
Floor-5-Wing-South-Line-2,1744,2000,B
Floor-1-Wing-North-Line-5,627,800,B
Floor-2-Wing-North-Line-4,1491,1500,B
Floor-4-Wing-South-Line-4,800,800,C
Floor-4-Wing-North-Line-2,1917,2000,A
Floor-4-Wing-South-Line-2,981,1200,A
Floor-4-Wing-North-Line-2,2038,2000,A
Floor-3-Wing-North-Line-3,1931,2000,B
Floor-1-Wing-South-Line-4,722,800,A
Floor-2-Wing-South-Line-4,1217,1500,B
Floor-5-Wing-North-Line-2,747,800,B
Floor-4-Wing-North-Line-5,440,500,A
Floor-4-Wing-North-Line-2,484,500,B
Floor-2-Wing-North-Line-3,1107,1200,A
Floor-5-Wing-South-Line-3,952,1200,B
Floor-1-Wing-North-Line-5,1504,1500,B
Floor-3-Wing-South-Line-5,658,800,A
Floor-4-Wing-North-Line-2,1353,1500,B
Floor-1-Wing-South-Line-3,635,800,C
Floor-4-Wing-South-Line-1,640,800,A
Floor-3-Wing-North-Line-5,445,500,B
Floor-5-Wing-South-Line-4,469,500,C
Floor-2-Wing-South-Line-4,1207,1200,A
Floor-2-Wing-North-Line-4,632,800,C
Floor-4-Wing-North-Line-1,1221,1500,A
Floor-3-Wing-South-Line-2,2027,2000,C
Floor-4-Wing-South-Line-3,737,800,B
Floor-3-Wing-North-Line-5,1715,2000,B
Floor-4-Wing-South-Line-2,628,800,B
Floor-4-Wing-North-Line-3,1172,1200,A
Floor-1-Wing-South-Line-3,1165,1200,B
Floor-1-Wing-North-Line-1,1175,1200,C
Floor-3-Wing-South-Line-3,492,500,A
Floor-2-Wing-South-Line-4,1834,2000,A
Floor-2-Wing-North-Line-5,729,800,C
Floor-1-Wing-South-Line-5,1246,1500,A
Floor-1-Wing-South-Line-1,1502,1500,A
Floor-2-Wing-North-Line-3,680,800,B
Floor-4-Wing-North-Line-2,509,500,A
Floor-3-Wing-North-Line-4,756,800,C
Floor-5-Wing-North-Line-5,688,800,B
Floor-1-Wing-North-Line-5,1652,2000,C
Floor-3-Wing-South-Line-4,1171,1200,A
Floor-3-Wing-South-Line-1,1341,1500,C
Floor-1-Wing-South-Line-2,432,500,B
Floor-4-Wing-South-Line-5,1574,2000,C
Floor-2-Wing-South-Line-5,1070,1200,B
Floor-1-Wing-North-Line-1,1071,1200,C
Floor-4-Wing-North-Line-3,1253,1500,C
Floor-5-Wing-South-Line-5,726,800,B
Floor-3-Wing-North-Line-1,1316,1500,C
Floor-4-Wing-South-Line-2,1089,1200,C
Floor-5-Wing-South-Line-3,1071,1200,C
Floor-2-Wing-North-Line-1,669,800,A
Floor-3-Wing-South-Line-5,783,800,B
Floor-2-Wing-South-Line-2,658,800,A
Floor-5-Wing-South-Line-1,954,1200,A
Floor-5-Wing-South-Line-4,1496,1500,B
Floor-5-Wing-North-Line-5,804,800,A
Floor-4-Wing-North-Line-2,1333,1500,B
Floor-2-Wing-North-Line-4,508,500,B
Floor-3-Wing-North-Line-1,1828,2000,B
Floor-3-Wing-South-Line-5,457,500,A
Floor-2-Wing-South-Line-2,1515,1500,C
Floor-2-Wing-South-Line-1,1364,1500,B
Floor-1-Wing-North-Line-3,1343,1500,A
Floor-3-Wing-North-Line-2,1358,1500,A
Floor-4-Wing-North-Line-5,1303,1500,C
Floor-5-Wing-South-Line-2,790,800,B
Floor-2-Wing-South-Line-5,1878,2000,C
Floor-2-Wing-South-Line-3,976,1200,B
Floor-4-Wing-South-Line-1,415,500,C
Floor-1-Wing-South-Line-1,1497,1500,B
Floor-2-Wing-North-Line-5,1679,2000,C
Floor-4-Wing-South-Line-1,1503,1500,A
Floor-3-Wing-North-Line-5,719,800,B
Floor-3-Wing-North-Line-2,629,800,A
Floor-4-Wing-South-Line-5,1128,1200,A
Floor-3-Wing-South-Line-4,429,500,C
Floor-1-Wing-North-Line-3,1218,1500,B
Floor-4-Wing-North-Line-5,455,500,C
Floor-2-Wing-South-Line-2,659,800,A
Floor-5-Wing-South-Line-1,420,500,C
Floor-2-Wing-South-Line-1,429,500,C
Floor-3-Wing-North-Line-3,1342,1500,A
Floor-5-Wing-South-Line-1,1025,1200,B
Floor-4-Wing-South-Line-5,1346,1500,A
Floor-3-Wing-South-Line-2,1026,1200,B
Floor-2-Wing-South-Line-5,444,500,C
Floor-5-Wing-South-Line-2,761,800,C
Floor-5-Wing-North-Line-5,1154,1200,C
Floor-3-Wing-South-Line-4,1368,1500,C
Floor-2-Wing-South-Line-3,434,500,A
Floor-3-Wing-North-Line-2,1518,1500,B
Floor-1-Wing-South-Line-5,1072,1200,C
Floor-5-Wing-North-Line-2,1031,1200,B
Floor-5-Wing-South-Line-5,672,800,C
Floor-1-Wing-North-Line-4,1662,2000,C
Floor-2-Wing-North-Line-4,1765,2000,A
Floor-2-Wing-North-Line-5,768,800,B
Floor-3-Wing-South-Line-4,509,500,C
Floor-5-Wing-South-Line-4,1225,1500,C
Floor-4-Wing-South-Line-2,719,800,C
Floor-3-Wing-South-Line-2,767,800,B
Floor-2-Wing-South-Line-4,408,500,A
Floor-5-Wing-North-Line-1,1388,1500,A
Floor-5-Wing-South-Line-2,1771,2000,C
Floor-2-Wing-South-Line-3,401,500,A
Floor-1-Wing-North-Line-5,1810,2000,A
Floor-1-Wing-North-Line-1,765,800,C
Floor-5-Wing-North-Line-5,1760,2000,C
Floor-5-Wing-North-Line-1,393,500,B
Floor-3-Wing-North-Line-2,955,1200,C
Floor-2-Wing-South-Line-3,735,800,A
Floor-3-Wing-North-Line-1,437,500,A
Floor-1-Wing-North-Line-1,744,800,B
Floor-1-Wing-South-Line-2,708,800,A
Floor-4-Wing-North-Line-1,1035,1200,B
Floor-4-Wing-South-Line-2,1987,2000,C
Floor-1-Wing-North-Line-4,742,800,A
Floor-2-Wing-North-Line-5,446,500,C
Floor-4-Wing-North-Line-1,769,800,C
Floor-2-Wing-South-Line-5,505,500,A
Floor-4-Wing-North-Line-2,1721,2000,A
Floor-1-Wing-South-Line-3,1839,2000,C
Floor-5-Wing-South-Line-4,747,800,B
Floor-4-Wing-North-Line-5,485,500,A
Floor-3-Wing-North-Line-1,1763,2000,C
Floor-5-Wing-North-Line-1,1738,2000,B
Floor-4-Wing-South-Line-4,958,1200,B
Floor-5-Wing-South-Line-3,1221,1200,A
Floor-1-Wing-North-Line-2,1504,1500,A
Floor-2-Wing-South-Line-2,989,1200,C
Floor-1-Wing-South-Line-4,1615,2000,C
Floor-2-Wing-South-Line-1,1213,1200,B
Floor-4-Wing-North-Line-4,673,800,C
Floor-3-Wing-North-Line-4,420,500,A
Floor-1-Wing-South-Line-3,806,800,A
Floor-5-Wing-North-Line-1,955,1200,B
Floor-3-Wing-South-Line-5,1334,1500,B
Floor-1-Wing-North-Line-1,811,800,B
Floor-4-Wing-South-Line-5,1221,1200,A
Floor-5-Wing-North-Line-3,461,500,A
Floor-4-Wing-South-Line-4,1841,2000,C
Floor-1-Wing-North-Line-5,1157,1200,A
Floor-1-Wing-South-Line-1,1633,2000,C
Floor-5-Wing-South-Line-5,1059,1200,B
Floor-2-Wing-South-Line-4,1189,1200,C
Floor-2-Wing-North-Line-2,1583,2000,A
Floor-4-Wing-North-Line-2,1132,1200,A
Floor-4-Wing-South-Line-4,729,800,C
Floor-3-Wing-North-Line-2,1295,1500,A
Floor-5-Wing-South-Line-3,1453,1500,C
Floor-3-Wing-North-Line-4,1392,1500,B
Floor-3-Wing-North-Line-3,1797,2000,A
Floor-5-Wing-South-Line-4,636,800,B
Floor-5-Wing-South-Line-2,395,500,C
Floor-4-Wing-South-Line-2,1154,1200,A
Floor-2-Wing-South-Line-5,2008,2000,A
Floor-1-Wing-South-Line-2,1310,1500,B
Floor-5-Wing-South-Line-3,1174,1200,A
Floor-4-Wing-South-Line-3,667,800,C
Floor-3-Wing-South-Line-5,1717,2000,B
Floor-1-Wing-North-Line-5,667,800,A
Floor-3-Wing-North-Line-1,750,800,B
Floor-3-Wing-South-Line-1,1305,1500,C
Floor-1-Wing-South-Line-1,1260,1500,B
Floor-1-Wing-South-Line-4,423,500,A
Floor-1-Wing-South-Line-1,722,800,C
Floor-3-Wing-North-Line-3,651,800,C
Floor-5-Wing-North-Line-4,1018,1200,A
Floor-5-Wing-South-Line-1,734,800,B
Floor-1-Wing-South-Line-3,476,500,B
Floor-1-Wing-South-Line-3,738,800,C
Floor-5-Wing-South-Line-1,1110,1200,A
Floor-4-Wing-South-Line-1,405,500,B
Floor-3-Wing-North-Line-5,1174,1200,B
Floor-2-Wing-South-Line-4,1892,2000,C
Floor-4-Wing-South-Line-4,1839,2000,A
Floor-3-Wing-South-Line-3,1158,1200,C
Floor-5-Wing-North-Line-5,1481,1500,A
Floor-1-Wing-South-Line-4,420,500,B
Floor-2-Wing-North-Line-2,415,500,B
Floor-3-Wing-South-Line-3,1648,2000,B
Floor-3-Wing-North-Line-2,1750,2000,C
Floor-3-Wing-North-Line-4,963,1200,C
Floor-1-Wing-South-Line-4,1511,1500,B
Floor-2-Wing-South-Line-4,457,500,B
Floor-3-Wing-North-Line-2,802,800,B
Floor-4-Wing-South-Line-2,1974,2000,C
Floor-3-Wing-South-Line-1,936,1200,C
Floor-2-Wing-North-Line-2,453,500,C
Floor-1-Wing-South-Line-3,1583,2000,A
Floor-2-Wing-South-Line-1,469,500,A
Floor-1-Wing-North-Line-5,717,800,A
Floor-4-Wing-North-Line-4,813,800,A
Floor-4-Wing-South-Line-3,1223,1500,C
Floor-4-Wing-South-Line-4,1994,2000,C
Floor-5-Wing-North-Line-3,1372,1500,A
Floor-5-Wing-North-Line-4,1995,2000,A
Floor-2-Wing-North-Line-1,1665,2000,C
Floor-3-Wing-South-Line-1,1577,2000,C
Floor-5-Wing-North-Line-4,396,500,A
Floor-1-Wing-South-Line-3,1119,1200,A
Floor-2-Wing-North-Line-4,418,500,B
Floor-1-Wing-North-Line-4,1174,1200,C
Floor-3-Wing-South-Line-3,464,500,C
Floor-1-Wing-North-Line-2,1914,2000,A
Floor-5-Wing-South-Line-4,406,500,A
Floor-1-Wing-South-Line-1,1043,1200,C
Floor-2-Wing-South-Line-5,1468,1500,C
Floor-1-Wing-North-Line-2,1615,2000,C
Floor-4-Wing-South-Line-5,439,500,A
Floor-5-Wing-North-Line-5,391,500,C
Floor-1-Wing-South-Line-5,1305,1500,A
Floor-1-Wing-South-Line-2,657,800,B
Floor-3-Wing-South-Line-4,1004,1200,B
Floor-3-Wing-South-Line-1,1499,1500,B
Floor-5-Wing-North-Line-2,1635,2000,A
Floor-3-Wing-North-Line-4,1967,2000,A
Floor-4-Wing-South-Line-5,682,800,C
Floor-2-Wing-North-Line-1,429,500,C
Floor-2-Wing-North-Line-3,1746,2000,A
Floor-5-Wing-South-Line-4,642,800,A
Floor-2-Wing-South-Line-3,498,500,A
Floor-1-Wing-South-Line-1,499,500,C
Floor-1-Wing-North-Line-2,1657,2000,A
Floor-1-Wing-South-Line-5,1398,1500,A
Floor-4-Wing-South-Line-3,478,500,B
Floor-3-Wing-North-Line-1,1628,2000,C
Floor-2-Wing-North-Line-1,1076,1200,C
Floor-4-Wing-South-Line-3,469,500,A
Floor-1-Wing-North-Line-1,801,800,A
Floor-4-Wing-South-Line-5,405,500,A
Floor-5-Wing-South-Line-3,416,500,C
Floor-3-Wing-North-Line-2,1999,2000,C
Floor-2-Wing-South-Line-5,1499,1500,C
Floor-5-Wing-South-Line-5,400,500,C
Floor-3-Wing-North-Line-3,1894,2000,B
Floor-5-Wing-South-Line-2,1104,1200,A
Floor-5-Wing-North-Line-1,1999,2000,B
Floor-3-Wing-North-Line-3,684,800,C
Floor-4-Wing-South-Line-1,957,1200,A
Floor-2-Wing-South-Line-1,433,500,B
Floor-5-Wing-North-Line-3,1885,2000,B
Floor-1-Wing-North-Line-2,1659,2000,B
Floor-2-Wing-South-Line-5,445,500,B
Floor-4-Wing-North-Line-1,780,800,B
Floor-4-Wing-North-Line-4,668,800,A
Floor-5-Wing-North-Line-3,1237,1500,C
Floor-3-Wing-South-Line-2,411,500,C
Floor-1-Wing-North-Line-3,760,800,A
Floor-1-Wing-North-Line-1,395,500,A
Floor-4-Wing-South-Line-5,966,1200,A
Floor-4-Wing-South-Line-2,1390,1500,A
Floor-3-Wing-South-Line-3,750,800,B
Floor-5-Wing-South-Line-1,1922,2000,B
Floor-1-Wing-North-Line-4,1324,1500,C
Floor-1-Wing-South-Line-3,1976,2000,A
Floor-5-Wing-South-Line-4,1033,1200,C
Floor-5-Wing-North-Line-4,2023,2000,B
Floor-4-Wing-South-Line-1,701,800,B
Floor-3-Wing-South-Line-4,695,800,A
Floor-5-Wing-South-Line-2,1436,1500,C
Floor-1-Wing-North-Line-4,1067,1200,B
Floor-2-Wing-South-Line-2,1341,1500,C
Floor-3-Wing-North-Line-4,468,500,B
Floor-4-Wing-North-Line-5,1743,2000,A
Floor-2-Wing-South-Line-1,1898,2000,A
Floor-4-Wing-South-Line-4,712,800,C
Floor-1-Wing-South-Line-2,784,800,B
Floor-3-Wing-South-Line-4,1213,1500,A
Floor-1-Wing-North-Line-5,1653,2000,C
Floor-2-Wing-South-Line-3,499,500,B
Floor-4-Wing-South-Line-3,437,500,B
Floor-5-Wing-North-Line-5,1151,1200,C
Floor-5-Wing-South-Line-1,813,800,C
Floor-4-Wing-North-Line-4,452,500,A
Floor-5-Wing-North-Line-2,1266,1500,B
Floor-4-Wing-South-Line-4,1031,1200,C
Floor-1-Wing-North-Line-2,1093,1200,A
Floor-4-Wing-South-Line-1,695,800,C
Floor-3-Wing-South-Line-4,502,500,A
Floor-4-Wing-North-Line-5,1011,1200,A
Floor-2-Wing-South-Line-3,1379,1500,B
Floor-4-Wing-North-Line-2,1220,1500,C
Floor-1-Wing-North-Line-2,1299,1500,A
Floor-5-Wing-South-Line-3,749,800,B
Floor-2-Wing-North-Line-3,683,800,B
Floor-2-Wing-North-Line-4,1602,2000,C
Floor-2-Wing-North-Line-1,1481,1500,C
Floor-4-Wing-South-Line-4,480,500,A
Floor-5-Wing-South-Line-1,625,800,A
Floor-4-Wing-South-Line-2,806,800,B
Floor-4-Wing-South-Line-2,1883,2000,B
Floor-4-Wing-South-Line-5,1037,1200,B
Floor-5-Wing-North-Line-1,811,800,C
Floor-3-Wing-South-Line-4,771,800,C
Floor-4-Wing-North-Line-1,1010,1200,A
Floor-2-Wing-North-Line-1,735,800,B
Floor-5-Wing-South-Line-4,395,500,B
Floor-5-Wing-North-Line-2,781,800,C
Floor-1-Wing-South-Line-2,1943,2000,C
Floor-4-Wing-South-Line-1,1713,2000,C
Floor-3-Wing-South-Line-3,488,500,C
Floor-4-Wing-North-Line-3,1084,1200,B
Floor-3-Wing-North-Line-5,1924,2000,A
Floor-2-Wing-North-Line-4,1185,1500,A
Floor-5-Wing-North-Line-3,691,800,B
Floor-4-Wing-South-Line-1,1620,2000,C
Floor-1-Wing-South-Line-4,1426,1500,C
Floor-2-Wing-North-Line-4,448,500,C
Floor-3-Wing-South-Line-5,392,500,A
Floor-1-Wing-North-Line-4,713,800,C
Floor-3-Wing-South-Line-2,504,500,A
Floor-4-Wing-North-Line-4,1290,1500,B
Floor-1-Wing-South-Line-5,1963,2000,B
Floor-3-Wing-North-Line-4,1153,1200,C
Floor-2-Wing-North-Line-2,1448,1500,C
Floor-1-Wing-North-Line-2,461,500,A
Floor-2-Wing-South-Line-2,1304,1500,B
Floor-1-Wing-North-Line-4,483,500,A
Floor-2-Wing-South-Line-2,2005,2000,A
Floor-1-Wing-North-Line-4,1445,1500,C
Floor-2-Wing-South-Line-4,729,800,B
Floor-3-Wing-South-Line-4,1024,1200,B
Floor-5-Wing-North-Line-1,1339,1500,A
Floor-4-Wing-North-Line-1,1262,1500,A
Floor-3-Wing-North-Line-3,410,500,C
Floor-3-Wing-North-Line-5,457,500,A
Floor-4-Wing-South-Line-2,1413,1500,B
Floor-3-Wing-North-Line-2,731,800,B
Floor-5-Wing-South-Line-3,480,500,B
Floor-1-Wing-South-Line-1,642,800,B
Floor-2-Wing-South-Line-3,1279,1500,C
Floor-1-Wing-North-Line-3,1187,1200,A
Floor-4-Wing-North-Line-2,1193,1500,C
Floor-2-Wing-South-Line-5,2017,2000,B
Floor-1-Wing-South-Line-4,1981,2000,C
Floor-4-Wing-North-Line-3,390,500,A
Floor-2-Wing-North-Line-3,1888,2000,A
Floor-1-Wing-South-Line-3,756,800,C
Floor-2-Wing-North-Line-3,1098,1200,B
Floor-1-Wing-South-Line-3,2011,2000,C
Floor-5-Wing-North-Line-2,741,800,B
Floor-3-Wing-South-Line-2,769,800,A
Floor-1-Wing-South-Line-2,689,800,C
Floor-5-Wing-South-Line-5,2024,2000,B
Floor-1-Wing-South-Line-5,1109,1200,B
Floor-3-Wing-South-Line-5,506,500,A
Floor-2-Wing-North-Line-2,1374,1500,B
Floor-2-Wing-North-Line-5,1394,1500,B
Floor-4-Wing-North-Line-3,427,500,B
Floor-5-Wing-North-Line-3,437,500,A
Floor-1-Wing-South-Line-2,439,500,B
Floor-3-Wing-South-Line-2,628,800,B
Floor-1-Wing-South-Line-5,408,500,C
Floor-2-Wing-South-Line-2,768,800,C
Floor-5-Wing-North-Line-1,736,800,C
Floor-5-Wing-South-Line-3,1385,1500,C
Floor-3-Wing-North-Line-3,1266,1500,B
Floor-2-Wing-North-Line-2,983,1200,B
Floor-4-Wing-North-Line-4,685,800,C
Floor-5-Wing-South-Line-4,465,500,B
Floor-1-Wing-South-Line-2,1343,1500,A
Floor-1-Wing-South-Line-2,1951,2000,C
Floor-2-Wing-South-Line-4,1169,1200,C
Floor-4-Wing-North-Line-3,469,500,A
Floor-5-Wing-North-Line-3,1246,1500,B
Floor-4-Wing-North-Line-1,693,800,A
Floor-3-Wing-North-Line-5,473,500,A
Floor-4-Wing-South-Line-3,450,500,C
Floor-4-Wing-South-Line-5,1088,1200,C
Floor-5-Wing-North-Line-2,1146,1200,A
Floor-5-Wing-North-Line-5,1819,2000,A
Floor-2-Wing-South-Line-3,996,1200,B
Floor-4-Wing-South-Line-2,745,800,A
Floor-5-Wing-South-Line-4,496,500,C
Floor-5-Wing-North-Line-1,465,500,B
Floor-5-Wing-North-Line-3,1871,2000,C
Floor-4-Wing-South-Line-3,1183,1200,B
Floor-5-Wing-North-Line-5,1885,2000,C
Floor-3-Wing-North-Line-2,1943,2000,C
Floor-4-Wing-South-Line-4,2028,2000,C
Floor-2-Wing-South-Line-2,1777,2000,A
Floor-1-Wing-South-Line-3,482,500,A
Floor-5-Wing-North-Line-1,1984,2000,B
Floor-4-Wing-North-Line-3,1968,2000,C
Floor-3-Wing-South-Line-1,792,800,C
Floor-5-Wing-South-Line-1,1003,1200,A
Floor-1-Wing-North-Line-3,992,1200,A
Floor-4-Wing-North-Line-4,414,500,A
Floor-5-Wing-South-Line-4,1899,2000,C
Floor-3-Wing-South-Line-2,656,800,C
Floor-4-Wing-South-Line-4,447,500,C
Floor-4-Wing-North-Line-3,1029,1200,C
Floor-2-Wing-North-Line-4,687,800,A
Floor-5-Wing-North-Line-2,1198,1500,B
Floor-1-Wing-North-Line-1,1504,1500,B
Floor-2-Wing-North-Line-4,789,800,A
Floor-1-Wing-North-Line-3,1886,2000,C
Floor-4-Wing-South-Line-1,734,800,C
Floor-2-Wing-North-Line-1,1645,2000,A
Floor-5-Wing-North-Line-4,1062,1200,A
Floor-1-Wing-South-Line-3,1196,1500,C
Floor-1-Wing-South-Line-2,446,500,A
Floor-3-Wing-North-Line-3,967,1200,C
Floor-3-Wing-North-Line-3,1159,1200,B
Floor-3-Wing-North-Line-5,1175,1500,B
Floor-3-Wing-South-Line-3,1126,1200,C
Floor-1-Wing-North-Line-1,429,500,B
Floor-5-Wing-South-Line-1,1915,2000,A
Floor-1-Wing-North-Line-2,1595,2000,B
Floor-2-Wing-North-Line-3,1172,1200,C
Floor-5-Wing-North-Line-5,420,500,C
Floor-3-Wing-South-Line-2,445,500,B
Floor-4-Wing-North-Line-4,429,500,C
Floor-1-Wing-South-Line-5,646,800,C
Floor-4-Wing-North-Line-4,632,800,B
Floor-3-Wing-South-Line-4,1281,1500,C
Floor-4-Wing-North-Line-2,509,500,B
Floor-2-Wing-North-Line-3,453,500,A
Floor-3-Wing-South-Line-4,1148,1200,C
Floor-2-Wing-South-Line-3,751,800,A
Floor-4-Wing-North-Line-1,939,1200,C
Floor-3-Wing-North-Line-1,650,800,C
Floor-1-Wing-North-Line-4,720,800,C
Floor-2-Wing-South-Line-1,1137,1200,B
Floor-1-Wing-South-Line-5,745,800,B
Floor-1-Wing-South-Line-5,1566,2000,A
Floor-2-Wing-South-Line-5,1124,1200,C
Floor-5-Wing-North-Line-5,1045,1200,B
Floor-5-Wing-North-Line-2,987,1200,B
Floor-1-Wing-South-Line-4,940,1200,C
Floor-1-Wing-North-Line-2,1029,1200,A
Floor-5-Wing-South-Line-5,1130,1200,A
Floor-3-Wing-South-Line-1,648,800,C
Floor-2-Wing-South-Line-2,1586,2000,A
Floor-3-Wing-South-Line-4,448,500,A
Floor-3-Wing-South-Line-2,625,800,C
Floor-5-Wing-North-Line-3,1684,2000,B
Floor-5-Wing-North-Line-1,1248,1500,B
Floor-4-Wing-North-Line-5,1623,2000,C
Floor-1-Wing-North-Line-4,403,500,A
Floor-5-Wing-North-Line-2,1971,2000,C
Floor-3-Wing-South-Line-5,1994,2000,B
Floor-2-Wing-North-Line-1,475,500,C
Floor-1-Wing-North-Line-5,1091,1200,B
Floor-2-Wing-South-Line-4,1157,1200,C
Floor-3-Wing-North-Line-3,1631,2000,A
Floor-5-Wing-North-Line-2,1476,1500,A
Floor-4-Wing-South-Line-5,993,1200,C
Floor-4-Wing-South-Line-2,1448,1500,A
Floor-4-Wing-North-Line-5,1393,1500,B
Floor-2-Wing-South-Line-5,500,500,B
Floor-5-Wing-North-Line-2,463,500,C
Floor-2-Wing-North-Line-1,1181,1200,C
Floor-4-Wing-North-Line-3,1656,2000,A
Floor-3-Wing-South-Line-2,648,800,B
Floor-5-Wing-North-Line-3,784,800,B
Floor-5-Wing-South-Line-1,1416,1500,A
Floor-5-Wing-South-Line-2,1322,1500,A
Floor-1-Wing-South-Line-5,1266,1500,C
Floor-4-Wing-North-Line-2,424,500,C
Floor-5-Wing-North-Line-4,412,500,C
Floor-1-Wing-South-Line-1,1144,1200,C
Floor-3-Wing-South-Line-1,1520,1500,A
Floor-2-Wing-North-Line-1,1930,2000,B
Floor-4-Wing-South-Line-4,1801,2000,B
Floor-3-Wing-North-Line-2,1005,1200,A
Floor-4-Wing-North-Line-1,1072,1200,A
Floor-1-Wing-South-Line-5,1922,2000,A
Floor-2-Wing-South-Line-5,448,500,B
Floor-2-Wing-North-Line-5,1786,2000,B
Floor-2-Wing-North-Line-2,446,500,A
Floor-1-Wing-South-Line-5,681,800,B
Floor-2-Wing-South-Line-4,718,800,A
Floor-3-Wing-North-Line-3,1216,1500,B
Floor-2-Wing-North-Line-5,426,500,B
Floor-2-Wing-North-Line-2,1702,2000,C
Floor-5-Wing-North-Line-2,964,1200,A
Floor-5-Wing-South-Line-5,497,500,B
Floor-2-Wing-North-Line-2,749,800,B
Floor-3-Wing-South-Line-3,639,800,B
Floor-4-Wing-North-Line-2,394,500,B
Floor-2-Wing-South-Line-5,469,500,C
Floor-2-Wing-North-Line-3,1750,2000,B
Floor-5-Wing-North-Line-3,498,500,A
Floor-1-Wing-North-Line-4,1315,1500,C
Floor-2-Wing-South-Line-5,1031,1200,C
Floor-3-Wing-North-Line-1,1834,2000,C
Floor-4-Wing-South-Line-1,1290,1500,B
Floor-2-Wing-South-Line-1,391,500,C
Floor-2-Wing-North-Line-3,780,800,B
Floor-2-Wing-North-Line-5,1087,1200,A
Floor-2-Wing-South-Line-3,1664,2000,C
Floor-5-Wing-South-Line-1,1917,2000,B
Floor-3-Wing-South-Line-1,1432,1500,C
Floor-4-Wing-North-Line-1,441,500,A
Floor-1-Wing-South-Line-4,1172,1500,A
Floor-4-Wing-South-Line-5,965,1200,B
Floor-4-Wing-North-Line-5,424,500,B
Floor-4-Wing-North-Line-3,1189,1200,C
Floor-3-Wing-South-Line-4,811,800,B
Floor-3-Wing-South-Line-4,979,1200,B
Floor-1-Wing-North-Line-1,1196,1500,C
Floor-2-Wing-North-Line-2,1095,1200,C
Floor-1-Wing-North-Line-5,435,500,B
Floor-5-Wing-North-Line-5,663,800,B
Floor-1-Wing-South-Line-4,1577,2000,A
Floor-1-Wing-South-Line-3,2011,2000,B
Floor-4-Wing-South-Line-2,783,800,A
Floor-5-Wing-North-Line-3,1812,2000,A
Floor-1-Wing-South-Line-5,1089,1200,C
Floor-3-Wing-South-Line-4,970,1200,A
Floor-5-Wing-South-Line-2,486,500,C
Floor-2-Wing-South-Line-1,1452,1500,C
Floor-1-Wing-North-Line-1,1273,1500,B
Floor-5-Wing-North-Line-5,1733,2000,B
Floor-2-Wing-North-Line-3,688,800,B
Floor-1-Wing-South-Line-1,1302,1500,A
Floor-1-Wing-South-Line-2,786,800,C
Floor-2-Wing-South-Line-3,796,800,C
Floor-4-Wing-North-Line-1,1357,1500,B
Floor-4-Wing-North-Line-3,1470,1500,A
Floor-4-Wing-North-Line-3,1318,1500,B
Floor-3-Wing-South-Line-5,400,500,B
Floor-4-Wing-North-Line-1,1199,1200,B
Floor-1-Wing-North-Line-5,472,500,C
Floor-2-Wing-North-Line-3,478,500,B
Floor-4-Wing-South-Line-1,1434,1500,B
Floor-5-Wing-North-Line-4,1502,1500,B
Floor-3-Wing-North-Line-1,1696,2000,C
Floor-3-Wing-North-Line-4,443,500,B
Floor-1-Wing-South-Line-3,1499,1500,A
Floor-4-Wing-North-Line-5,1111,1200,B
Floor-5-Wing-North-Line-3,1258,1500,B
Floor-5-Wing-North-Line-5,722,800,B
Floor-2-Wing-South-Line-4,737,800,C
Floor-3-Wing-North-Line-1,1464,1500,B
Floor-3-Wing-South-Line-1,1647,2000,C
Floor-2-Wing-North-Line-4,1614,2000,B
Floor-1-Wing-North-Line-1,785,800,A
Floor-3-Wing-South-Line-3,1629,2000,B
Floor-4-Wing-South-Line-5,686,800,B
Floor-5-Wing-South-Line-1,1273,1500,B
Floor-4-Wing-South-Line-5,633,800,A
Floor-1-Wing-South-Line-2,465,500,C
Floor-2-Wing-South-Line-3,505,500,A
Floor-1-Wing-South-Line-3,1412,1500,B
Floor-2-Wing-North-Line-3,461,500,A
Floor-4-Wing-South-Line-1,693,800,A
Floor-2-Wing-South-Line-3,406,500,A
Floor-2-Wing-North-Line-5,1249,1500,C
Floor-1-Wing-South-Line-1,1560,2000,A
Floor-3-Wing-North-Line-4,941,1200,B
Floor-4-Wing-South-Line-3,478,500,B
Floor-3-Wing-South-Line-3,1157,1200,C
Floor-4-Wing-South-Line-5,1395,1500,C
Floor-1-Wing-North-Line-5,739,800,B
Floor-2-Wing-South-Line-3,1846,2000,B
Floor-3-Wing-North-Line-4,973,1200,A
Floor-4-Wing-North-Line-4,486,500,C
Floor-1-Wing-North-Line-3,1212,1200,B
Floor-2-Wing-South-Line-4,1216,1500,B
Floor-4-Wing-North-Line-1,1104,1200,C
Floor-1-Wing-North-Line-1,1171,1200,A
Floor-4-Wing-North-Line-1,1663,2000,C
Floor-3-Wing-South-Line-2,1217,1200,A
Floor-2-Wing-North-Line-3,1349,1500,B
Floor-4-Wing-North-Line-2,702,800,C
Floor-2-Wing-North-Line-4,392,500,B
Floor-2-Wing-North-Line-4,1515,1500,C
Floor-2-Wing-South-Line-5,956,1200,A
Floor-1-Wing-North-Line-3,735,800,C
Floor-1-Wing-South-Line-5,1269,1500,C
Floor-3-Wing-North-Line-5,658,800,B
Floor-3-Wing-North-Line-1,726,800,A
Floor-1-Wing-South-Line-1,809,800,A
Floor-3-Wing-North-Line-3,1008,1200,A
Floor-1-Wing-South-Line-5,689,800,C
Floor-1-Wing-North-Line-3,779,800,A
Floor-5-Wing-North-Line-1,723,800,C
Floor-2-Wing-North-Line-5,492,500,B
Floor-3-Wing-North-Line-1,1259,1500,B
Floor-4-Wing-South-Line-5,1112,1200,C
Floor-2-Wing-South-Line-3,798,800,C
Floor-5-Wing-South-Line-1,420,500,A
Floor-4-Wing-South-Line-5,1087,1200,C
Floor-1-Wing-North-Line-5,419,500,B
Floor-2-Wing-North-Line-4,1348,1500,A
Floor-1-Wing-South-Line-5,1168,1200,B
Floor-5-Wing-North-Line-1,959,1200,B
Floor-1-Wing-North-Line-3,986,1200,A
Floor-5-Wing-North-Line-2,1026,1200,B
Floor-1-Wing-South-Line-4,414,500,B
Floor-1-Wing-South-Line-5,467,500,A
Floor-1-Wing-North-Line-2,1957,2000,C
Floor-2-Wing-North-Line-2,746,800,B
Floor-5-Wing-South-Line-3,1480,1500,A
Floor-5-Wing-North-Line-5,1700,2000,A
Floor-5-Wing-North-Line-1,1314,1500,B
Floor-4-Wing-South-Line-4,1647,2000,B
Floor-3-Wing-North-Line-1,1439,1500,B
Floor-1-Wing-North-Line-5,739,800,C
Floor-1-Wing-North-Line-4,1371,1500,A
Floor-3-Wing-South-Line-4,1170,1200,A
Floor-1-Wing-North-Line-4,795,800,C
Floor-5-Wing-South-Line-3,1467,1500,C
Floor-2-Wing-South-Line-5,1270,1500,C
Floor-4-Wing-North-Line-5,435,500,B
Floor-2-Wing-North-Line-5,1890,2000,A
Floor-1-Wing-South-Line-5,446,500,B
Floor-3-Wing-South-Line-4,1452,1500,C
Floor-1-Wing-North-Line-1,750,800,B
Floor-4-Wing-South-Line-2,1426,1500,B
Floor-1-Wing-North-Line-5,1720,2000,B
Floor-5-Wing-South-Line-4,954,1200,A
Floor-2-Wing-South-Line-4,1206,1200,C
Floor-4-Wing-South-Line-5,738,800,B
Floor-5-Wing-North-Line-3,1158,1200,A
Floor-3-Wing-South-Line-4,1311,1500,A
Floor-2-Wing-South-Line-5,1348,1500,A
Floor-2-Wing-South-Line-3,1040,1200,A
Floor-2-Wing-South-Line-5,1283,1500,C
Floor-1-Wing-South-Line-4,1118,1200,B
Floor-2-Wing-North-Line-4,1509,1500,C
Floor-5-Wing-South-Line-4,1149,1200,B
Floor-1-Wing-South-Line-5,1409,1500,A
Floor-1-Wing-South-Line-3,1172,1500,B
Floor-4-Wing-South-Line-2,454,500,B
Floor-1-Wing-North-Line-1,1219,1200,B
Floor-3-Wing-South-Line-3,689,800,B
Floor-5-Wing-North-Line-1,479,500,B
Floor-3-Wing-North-Line-5,1744,2000,B
Floor-4-Wing-North-Line-3,1706,2000,A
Floor-1-Wing-North-Line-2,1075,1200,B
Floor-2-Wing-South-Line-3,1871,2000,C
Floor-3-Wing-South-Line-3,1509,1500,A
Floor-2-Wing-North-Line-1,455,500,B
Floor-2-Wing-South-Line-5,1213,1200,A
Floor-3-Wing-South-Line-4,1204,1500,B
Floor-2-Wing-North-Line-2,1090,1200,A
Floor-3-Wing-South-Line-4,1059,1200,B
Floor-5-Wing-South-Line-2,1954,2000,C
Floor-2-Wing-South-Line-2,755,800,B
Floor-1-Wing-South-Line-5,1639,2000,B
Floor-2-Wing-North-Line-1,687,800,A
Floor-3-Wing-North-Line-1,1184,1200,C
Floor-4-Wing-South-Line-2,775,800,C
Floor-1-Wing-South-Line-1,1181,1200,C
Floor-4-Wing-North-Line-5,1840,2000,C
Floor-2-Wing-North-Line-4,1259,1500,B
Floor-5-Wing-North-Line-2,476,500,B
Floor-5-Wing-North-Line-1,1069,1200,B
Floor-1-Wing-North-Line-3,789,800,B
Floor-5-Wing-North-Line-1,1019,1200,C
Floor-1-Wing-South-Line-1,1371,1500,B
Floor-2-Wing-South-Line-5,1039,1200,C
Floor-3-Wing-North-Line-4,982,1200,B
Floor-2-Wing-North-Line-5,1942,2000,B
Floor-2-Wing-South-Line-3,1031,1200,B
Floor-3-Wing-North-Line-2,1172,1500,A
Floor-2-Wing-North-Line-1,970,1200,A
Floor-1-Wing-North-Line-2,1758,2000,C
Floor-3-Wing-South-Line-5,435,500,A
Floor-5-Wing-North-Line-2,1810,2000,B
Floor-1-Wing-South-Line-4,1113,1200,C
Floor-5-Wing-South-Line-4,406,500,C
Floor-3-Wing-North-Line-1,1051,1200,C
Floor-3-Wing-South-Line-5,1206,1200,B
Floor-2-Wing-South-Line-4,433,500,B
Floor-3-Wing-South-Line-4,1914,2000,C
Floor-2-Wing-South-Line-4,974,1200,B
Floor-3-Wing-North-Line-3,1043,1200,B
Floor-4-Wing-South-Line-1,1482,1500,B
Floor-3-Wing-North-Line-3,1294,1500,C
Floor-4-Wing-North-Line-4,471,500,A
Floor-4-Wing-North-Line-1,1222,1500,B
Floor-4-Wing-South-Line-3,428,500,C
Floor-1-Wing-South-Line-1,810,800,C
Floor-2-Wing-North-Line-4,455,500,B
Floor-2-Wing-North-Line-4,655,800,C
Floor-5-Wing-South-Line-2,718,800,A
Floor-4-Wing-South-Line-2,950,1200,B
Floor-4-Wing-North-Line-3,780,800,C
Floor-3-Wing-North-Line-1,2016,2000,A
Floor-4-Wing-North-Line-2,2016,2000,C
Floor-4-Wing-South-Line-4,972,1200,B
Floor-2-Wing-South-Line-3,803,800,B
Floor-3-Wing-South-Line-2,1985,2000,C
Floor-3-Wing-North-Line-4,1381,1500,A
Floor-3-Wing-North-Line-1,783,800,C
Floor-5-Wing-North-Line-4,418,500,A
Floor-1-Wing-South-Line-4,730,800,C
Floor-3-Wing-South-Line-2,1783,2000,A
Floor-4-Wing-North-Line-2,1967,2000,C
Floor-1-Wing-North-Line-2,1134,1200,B
Floor-5-Wing-South-Line-2,1846,2000,B
Floor-1-Wing-South-Line-1,790,800,A
Floor-4-Wing-North-Line-2,463,500,C
Floor-4-Wing-North-Line-3,1049,1200,C
Floor-4-Wing-North-Line-1,1493,1500,B
Floor-1-Wing-South-Line-5,1317,1500,A
Floor-1-Wing-South-Line-5,1847,2000,A
Floor-5-Wing-North-Line-2,392,500,A
Floor-4-Wing-South-Line-5,472,500,C
Floor-1-Wing-South-Line-3,1825,2000,C
Floor-3-Wing-South-Line-3,659,800,C
Floor-5-Wing-South-Line-2,1633,2000,B
Floor-2-Wing-South-Line-1,1921,2000,A
Floor-1-Wing-North-Line-5,806,800,C
Floor-4-Wing-South-Line-1,442,500,C
Floor-1-Wing-South-Line-1,760,800,B
Floor-2-Wing-South-Line-3,2010,2000,B
Floor-4-Wing-South-Line-2,407,500,C
Floor-1-Wing-South-Line-4,634,800,B
Floor-1-Wing-South-Line-1,1208,1200,C
Floor-4-Wing-South-Line-1,732,800,A
Floor-1-Wing-North-Line-5,406,500,A
Floor-1-Wing-North-Line-2,1458,1500,C
Floor-1-Wing-North-Line-1,1267,1500,B
Floor-5-Wing-North-Line-5,1206,1200,B
Floor-1-Wing-South-Line-3,1452,1500,C
Floor-4-Wing-South-Line-2,1054,1200,C
Floor-4-Wing-South-Line-4,754,800,C
Floor-1-Wing-North-Line-1,397,500,B
Floor-2-Wing-North-Line-2,1701,2000,A
Floor-2-Wing-South-Line-3,632,800,A
Floor-4-Wing-North-Line-4,1425,1500,A
Floor-4-Wing-North-Line-4,1138,1200,B
Floor-2-Wing-North-Line-3,730,800,A
Floor-1-Wing-North-Line-5,1265,1500,B
Floor-1-Wing-North-Line-4,1175,1200,B
Floor-5-Wing-South-Line-1,940,1200,B
Floor-3-Wing-South-Line-5,1182,1200,A
Floor-4-Wing-North-Line-4,658,800,A
Floor-2-Wing-South-Line-5,1407,1500,C
Floor-2-Wing-North-Line-3,1010,1200,C
Floor-1-Wing-South-Line-5,1574,2000,B
Floor-4-Wing-North-Line-1,1351,1500,C
Floor-2-Wing-South-Line-3,754,800,C
Floor-3-Wing-South-Line-3,699,800,B
Floor-1-Wing-North-Line-2,808,800,B
Floor-5-Wing-South-Line-1,397,500,A
Floor-5-Wing-South-Line-3,2018,2000,A
Floor-5-Wing-South-Line-4,1436,1500,C
Floor-5-Wing-North-Line-2,483,500,A
Floor-3-Wing-South-Line-5,969,1200,C
Floor-2-Wing-South-Line-3,1063,1200,B
Floor-4-Wing-North-Line-1,1792,2000,B
Floor-5-Wing-North-Line-5,1221,1500,A
Floor-5-Wing-South-Line-4,798,800,A
Floor-1-Wing-South-Line-5,1216,1200,A
Floor-2-Wing-South-Line-2,1729,2000,B
Floor-2-Wing-South-Line-4,1041,1200,A
Floor-1-Wing-North-Line-2,1300,1500,B
Floor-4-Wing-North-Line-1,1093,1200,C
Floor-4-Wing-North-Line-5,1595,2000,A
Floor-4-Wing-South-Line-3,449,500,C
Floor-5-Wing-North-Line-5,1262,1500,B
Floor-4-Wing-North-Line-3,637,800,B
Floor-4-Wing-South-Line-3,793,800,C
Floor-3-Wing-North-Line-5,1526,1500,B
Floor-4-Wing-North-Line-2,943,1200,B
Floor-2-Wing-South-Line-1,1070,1200,B
Floor-5-Wing-South-Line-3,504,500,C
Floor-2-Wing-South-Line-4,1038,1200,C
Floor-1-Wing-South-Line-3,765,800,C
Floor-4-Wing-South-Line-3,446,500,B
Floor-2-Wing-North-Line-3,751,800,C
Floor-4-Wing-South-Line-5,720,800,B
Floor-2-Wing-North-Line-5,477,500,B
Floor-1-Wing-North-Line-4,633,800,A
Floor-5-Wing-South-Line-5,1320,1500,C
Floor-1-Wing-North-Line-5,1966,2000,A
Floor-1-Wing-North-Line-5,1586,2000,B
Floor-5-Wing-North-Line-3,1184,1200,A
Floor-1-Wing-South-Line-1,781,800,A
Floor-4-Wing-North-Line-3,643,800,B
Floor-5-Wing-South-Line-4,634,800,C
Floor-2-Wing-North-Line-3,721,800,B
Floor-3-Wing-North-Line-3,505,500,A
Floor-2-Wing-North-Line-1,1567,2000,A
Floor-2-Wing-North-Line-3,404,500,B
Floor-1-Wing-North-Line-3,749,800,A
Floor-1-Wing-South-Line-4,1834,2000,A
Floor-2-Wing-North-Line-3,954,1200,A
Floor-4-Wing-North-Line-3,731,800,B
Floor-2-Wing-North-Line-4,1360,1500,C
Floor-4-Wing-South-Line-1,1702,2000,C
Floor-1-Wing-North-Line-5,1598,2000,C
Floor-3-Wing-South-Line-1,637,800,C
Floor-3-Wing-South-Line-3,1007,1200,A
Floor-2-Wing-North-Line-5,1486,1500,B
Floor-5-Wing-South-Line-5,1110,1200,C
Floor-2-Wing-North-Line-4,1185,1200,C
Floor-3-Wing-North-Line-1,1800,2000,B
Floor-4-Wing-South-Line-4,1263,1500,A
Floor-1-Wing-South-Line-3,1925,2000,A
Floor-3-Wing-South-Line-1,696,800,B
Floor-3-Wing-North-Line-3,1982,2000,B
Floor-5-Wing-South-Line-2,1188,1200,C
Floor-2-Wing-North-Line-4,392,500,A
Floor-1-Wing-North-Line-3,1367,1500,A
Floor-2-Wing-North-Line-4,1901,2000,C
Floor-3-Wing-South-Line-5,1213,1200,A
Floor-2-Wing-North-Line-4,397,500,C
Floor-4-Wing-South-Line-1,1827,2000,B
Floor-5-Wing-North-Line-1,1602,2000,A
Floor-2-Wing-North-Line-1,452,500,B
Floor-3-Wing-North-Line-4,1648,2000,C
Floor-2-Wing-North-Line-2,395,500,B
Floor-3-Wing-South-Line-2,409,500,B
Floor-1-Wing-North-Line-5,1864,2000,A
Floor-2-Wing-South-Line-3,413,500,B
Floor-4-Wing-South-Line-2,758,800,C
Floor-4-Wing-South-Line-3,1560,2000,B
Floor-5-Wing-South-Line-5,1617,2000,A
Floor-4-Wing-South-Line-5,1226,1500,A
Floor-5-Wing-South-Line-2,1284,1500,B
Floor-2-Wing-North-Line-3,1856,2000,A
Floor-3-Wing-South-Line-4,497,500,A
Floor-1-Wing-North-Line-3,478,500,B
Floor-2-Wing-North-Line-4,1105,1200,B
Floor-3-Wing-North-Line-3,632,800,B
Floor-3-Wing-North-Line-2,401,500,C
Floor-2-Wing-North-Line-3,428,500,B
Floor-4-Wing-North-Line-1,1254,1500,C
Floor-2-Wing-South-Line-2,1237,1500,C
Floor-3-Wing-North-Line-5,422,500,B
Floor-4-Wing-South-Line-2,495,500,B
Floor-2-Wing-North-Line-1,1224,1500,C
Floor-1-Wing-North-Line-1,1763,2000,B
Floor-3-Wing-North-Line-2,415,500,C
Floor-4-Wing-South-Line-2,703,800,B
Floor-1-Wing-South-Line-2,755,800,A
Floor-2-Wing-North-Line-1,1321,1500,A
Floor-5-Wing-North-Line-1,496,500,C
Floor-2-Wing-North-Line-5,1188,1200,C
Floor-1-Wing-South-Line-2,1063,1200,C
Floor-3-Wing-North-Line-4,699,800,B
Floor-3-Wing-North-Line-2,1231,1500,C
Floor-1-Wing-North-Line-2,451,500,A
Floor-2-Wing-North-Line-3,1630,2000,C
Floor-1-Wing-North-Line-3,483,500,B
Floor-5-Wing-North-Line-5,668,800,C
Floor-4-Wing-South-Line-5,1052,1200,C
Floor-3-Wing-South-Line-3,1680,2000,A
Floor-3-Wing-South-Line-4,410,500,B
Floor-3-Wing-North-Line-1,1235,1500,C
Floor-1-Wing-North-Line-2,1342,1500,A
Floor-1-Wing-South-Line-2,476,500,B
Floor-2-Wing-South-Line-3,1019,1200,A
Floor-3-Wing-South-Line-3,1155,1200,A
Floor-4-Wing-North-Line-5,780,800,C
Floor-1-Wing-South-Line-1,656,800,B
Floor-4-Wing-South-Line-3,1188,1200,C
Floor-5-Wing-North-Line-5,1507,1500,A
Floor-4-Wing-South-Line-4,1800,2000,B
Floor-2-Wing-South-Line-5,1117,1200,C
Floor-2-Wing-South-Line-4,734,800,C
Floor-2-Wing-North-Line-1,1248,1500,A
Floor-2-Wing-North-Line-4,458,500,A
Floor-5-Wing-North-Line-2,1101,1200,C
Floor-2-Wing-North-Line-4,1635,2000,B
Floor-3-Wing-South-Line-5,1211,1200,A
Floor-2-Wing-North-Line-5,1352,1500,C
Floor-5-Wing-South-Line-1,1521,1500,B
Floor-2-Wing-South-Line-2,1173,1200,B
Floor-5-Wing-South-Line-5,1384,1500,B
Floor-1-Wing-North-Line-4,1275,1500,C
Floor-3-Wing-North-Line-3,1886,2000,C
Floor-3-Wing-South-Line-2,645,800,C
Floor-1-Wing-South-Line-3,1028,1200,C
Floor-1-Wing-South-Line-1,495,500,A
Floor-4-Wing-South-Line-4,1377,1500,B
Floor-4-Wing-South-Line-4,491,500,B
Floor-4-Wing-South-Line-1,1494,1500,A
Floor-1-Wing-North-Line-4,961,1200,B
Floor-4-Wing-North-Line-5,1760,2000,B
Floor-4-Wing-North-Line-2,946,1200,A
Floor-1-Wing-South-Line-2,774,800,B
Floor-4-Wing-South-Line-1,988,1200,B
Floor-5-Wing-North-Line-2,713,800,B
Floor-3-Wing-North-Line-4,1270,1500,B
Floor-5-Wing-South-Line-3,1771,2000,A
Floor-1-Wing-South-Line-1,737,800,A
Floor-5-Wing-North-Line-4,2014,2000,C
Floor-1-Wing-South-Line-2,1071,1200,B
Floor-1-Wing-North-Line-2,766,800,A
Floor-4-Wing-North-Line-3,1338,1500,A
Floor-1-Wing-North-Line-3,1977,2000,A
Floor-1-Wing-North-Line-2,722,800,C
Floor-1-Wing-North-Line-3,417,500,B
Floor-5-Wing-South-Line-4,1248,1500,A
Floor-5-Wing-North-Line-4,1990,2000,B
Floor-2-Wing-North-Line-5,690,800,B
Floor-5-Wing-South-Line-3,404,500,C
Floor-2-Wing-North-Line-1,474,500,C
Floor-3-Wing-North-Line-3,1165,1200,A
Floor-3-Wing-North-Line-4,1321,1500,C
Floor-2-Wing-South-Line-4,714,800,B
Floor-5-Wing-North-Line-2,780,800,B
Floor-3-Wing-North-Line-2,395,500,B
Floor-5-Wing-North-Line-2,1261,1500,A
Floor-4-Wing-South-Line-1,1639,2000,A
Floor-2-Wing-North-Line-4,1221,1500,B
Floor-3-Wing-South-Line-3,1369,1500,C
Floor-1-Wing-South-Line-3,392,500,A
Floor-3-Wing-South-Line-2,1014,1200,B
Floor-3-Wing-North-Line-4,664,800,B
Floor-4-Wing-South-Line-2,1790,2000,C
Floor-5-Wing-South-Line-3,1272,1500,A
Floor-3-Wing-South-Line-2,1995,2000,A
Floor-5-Wing-North-Line-3,1104,1200,B
Floor-3-Wing-North-Line-3,966,1200,C
Floor-5-Wing-North-Line-1,1109,1200,B
Floor-5-Wing-North-Line-5,395,500,A
Floor-4-Wing-North-Line-4,1589,2000,B
Floor-3-Wing-North-Line-4,1023,1200,B
Floor-1-Wing-South-Line-1,1769,2000,A
Floor-3-Wing-North-Line-4,1986,2000,A
Floor-4-Wing-North-Line-5,1435,1500,B
Floor-2-Wing-South-Line-4,1503,1500,C
Floor-3-Wing-North-Line-1,1286,1500,B
Floor-4-Wing-North-Line-5,1052,1200,B
Floor-4-Wing-North-Line-5,471,500,C
Floor-2-Wing-North-Line-3,472,500,C
Floor-4-Wing-North-Line-4,1142,1200,C
Floor-4-Wing-South-Line-1,1048,1200,A
Floor-4-Wing-North-Line-4,1285,1500,B
Floor-2-Wing-North-Line-3,1782,2000,B
Floor-3-Wing-North-Line-2,1158,1200,A
Floor-3-Wing-South-Line-5,1467,1500,A
Floor-5-Wing-South-Line-3,1587,2000,A
Floor-1-Wing-North-Line-3,427,500,B
Floor-2-Wing-North-Line-5,1217,1200,C
Floor-3-Wing-South-Line-4,2018,2000,A
Floor-5-Wing-South-Line-4,1293,1500,C
Floor-1-Wing-South-Line-1,1704,2000,A
Floor-2-Wing-North-Line-4,671,800,C
Floor-5-Wing-South-Line-4,1344,1500,A
Floor-1-Wing-South-Line-5,496,500,A
Floor-5-Wing-South-Line-1,1412,1500,B
Floor-4-Wing-North-Line-3,466,500,B
Floor-2-Wing-South-Line-2,1977,2000,B
Floor-1-Wing-South-Line-4,982,1200,B
Floor-3-Wing-North-Line-3,1793,2000,A
Floor-3-Wing-North-Line-5,728,800,C
Floor-4-Wing-South-Line-3,1652,2000,B
Floor-5-Wing-North-Line-5,734,800,B
Floor-3-Wing-South-Line-4,1665,2000,A
Floor-5-Wing-South-Line-2,478,500,A
Floor-2-Wing-South-Line-1,1233,1500,C
Floor-5-Wing-South-Line-1,631,800,A
Floor-4-Wing-North-Line-3,1179,1500,A
Floor-5-Wing-South-Line-1,794,800,B
Floor-2-Wing-South-Line-4,1179,1500,B
Floor-4-Wing-North-Line-2,457,500,A
Floor-3-Wing-North-Line-2,1160,1200,A
Floor-2-Wing-North-Line-1,1725,2000,C
Floor-1-Wing-South-Line-1,425,500,A
Floor-5-Wing-North-Line-1,1858,2000,B
Floor-4-Wing-South-Line-2,1110,1200,B
Floor-1-Wing-South-Line-4,639,800,B
Floor-5-Wing-North-Line-3,1747,2000,A
Floor-3-Wing-North-Line-5,1612,2000,B
Floor-3-Wing-South-Line-1,808,800,C
Floor-5-Wing-North-Line-5,1903,2000,C
Floor-1-Wing-North-Line-4,461,500,C
Floor-1-Wing-North-Line-3,1700,2000,C
Floor-1-Wing-North-Line-2,1822,2000,A
Floor-1-Wing-North-Line-4,689,800,A
Floor-3-Wing-North-Line-4,1240,1500,B
Floor-3-Wing-North-Line-3,432,500,A
Floor-2-Wing-North-Line-3,737,800,A
Floor-4-Wing-South-Line-2,1274,1500,B
Floor-4-Wing-South-Line-3,807,800,A
Floor-1-Wing-North-Line-2,722,800,B
Floor-2-Wing-North-Line-3,1112,1200,C
Floor-1-Wing-South-Line-5,1461,1500,C
Floor-5-Wing-South-Line-1,1097,1200,A
Floor-2-Wing-North-Line-2,404,500,B
Floor-5-Wing-South-Line-2,1792,2000,B
Floor-3-Wing-South-Line-2,783,800,A
Floor-5-Wing-North-Line-1,490,500,C
Floor-5-Wing-North-Line-5,801,800,A
Floor-1-Wing-South-Line-1,704,800,B
Floor-3-Wing-South-Line-1,1281,1500,C
Floor-5-Wing-South-Line-5,1718,2000,B
Floor-3-Wing-North-Line-2,689,800,B
Floor-4-Wing-North-Line-4,413,500,B
Floor-1-Wing-North-Line-3,1708,2000,B
Floor-3-Wing-North-Line-3,1698,2000,C
Floor-1-Wing-South-Line-4,1961,2000,B
Floor-3-Wing-South-Line-4,1489,1500,A
Floor-3-Wing-North-Line-2,1216,1200,A
Floor-2-Wing-South-Line-4,687,800,B
Floor-1-Wing-South-Line-2,2002,2000,B
Floor-5-Wing-South-Line-4,1871,2000,A
Floor-2-Wing-North-Line-2,1263,1500,C
Floor-5-Wing-North-Line-3,463,500,C
Floor-1-Wing-South-Line-4,1473,1500,C
Floor-5-Wing-North-Line-5,1578,2000,A
Floor-3-Wing-South-Line-5,1005,1200,B
Floor-2-Wing-South-Line-3,415,500,B
Floor-2-Wing-South-Line-4,1338,1500,A
Floor-1-Wing-South-Line-2,1179,1200,C
Floor-3-Wing-North-Line-4,1673,2000,A
Floor-3-Wing-South-Line-4,1209,1200,A
Floor-4-Wing-South-Line-2,403,500,B
Floor-1-Wing-North-Line-2,396,500,C
Floor-5-Wing-North-Line-5,1254,1500,A
Floor-1-Wing-South-Line-5,1696,2000,C
Floor-4-Wing-North-Line-1,767,800,B
Floor-4-Wing-North-Line-5,1807,2000,A
Floor-5-Wing-South-Line-2,1126,1200,B
Floor-5-Wing-North-Line-3,1168,1200,A
Floor-3-Wing-North-Line-3,682,800,B
Floor-2-Wing-North-Line-4,1129,1200,A
Floor-4-Wing-North-Line-2,1848,2000,B
Floor-1-Wing-South-Line-1,757,800,A
Floor-1-Wing-South-Line-1,1217,1200,C
Floor-4-Wing-South-Line-2,800,800,A
Floor-3-Wing-South-Line-3,503,500,C
Floor-3-Wing-North-Line-5,1358,1500,A
Floor-2-Wing-North-Line-5,719,800,C
Floor-5-Wing-North-Line-3,1914,2000,A
Floor-5-Wing-North-Line-3,1403,1500,B
Floor-1-Wing-North-Line-3,1182,1200,A
Floor-3-Wing-South-Line-5,1494,1500,B
Floor-5-Wing-South-Line-3,1080,1200,C
Floor-5-Wing-North-Line-2,1406,1500,C
Floor-1-Wing-North-Line-2,431,500,A
Floor-5-Wing-South-Line-3,1716,2000,C
Floor-1-Wing-North-Line-4,1844,2000,A
Floor-2-Wing-South-Line-5,1269,1500,C
Floor-5-Wing-South-Line-2,495,500,A
Floor-4-Wing-South-Line-3,724,800,C
Floor-3-Wing-South-Line-3,399,500,A
Floor-5-Wing-South-Line-2,498,500,B
Floor-3-Wing-North-Line-1,461,500,A
Floor-2-Wing-South-Line-4,1183,1200,A
Floor-4-Wing-South-Line-5,2031,2000,C
Floor-1-Wing-North-Line-5,710,800,C
Floor-5-Wing-North-Line-4,1073,1200,B
Floor-2-Wing-North-Line-1,1528,1500,A
Floor-1-Wing-South-Line-1,660,800,C
Floor-4-Wing-South-Line-2,472,500,A
Floor-2-Wing-South-Line-4,1081,1200,C
Floor-4-Wing-South-Line-3,1966,2000,A
Floor-1-Wing-North-Line-1,1343,1500,B
Floor-4-Wing-South-Line-2,1444,1500,A
Floor-3-Wing-South-Line-5,1957,2000,C
Floor-4-Wing-South-Line-1,1345,1500,C
Floor-4-Wing-South-Line-5,440,500,B
Floor-3-Wing-North-Line-3,1362,1500,A
Floor-4-Wing-North-Line-3,1603,2000,B
Floor-3-Wing-South-Line-5,1260,1500,B
Floor-4-Wing-South-Line-5,1291,1500,A
Floor-4-Wing-South-Line-1,687,800,C
Floor-5-Wing-North-Line-2,777,800,B
Floor-2-Wing-North-Line-4,1066,1200,B
Floor-2-Wing-South-Line-4,1219,1500,B
Floor-5-Wing-South-Line-2,1906,2000,A
Floor-1-Wing-North-Line-4,1157,1200,A
Floor-2-Wing-South-Line-3,421,500,A
Floor-5-Wing-North-Line-3,1288,1500,A
Floor-1-Wing-North-Line-4,712,800,B
Floor-1-Wing-South-Line-5,1439,1500,A
Floor-5-Wing-North-Line-2,1789,2000,C
Floor-2-Wing-South-Line-2,438,500,A
Floor-1-Wing-North-Line-5,1083,1200,A
Floor-5-Wing-North-Line-3,660,800,B
Floor-3-Wing-South-Line-5,1177,1200,C
Floor-1-Wing-North-Line-1,1957,2000,B
Floor-5-Wing-North-Line-5,1763,2000,C
Floor-5-Wing-South-Line-4,1622,2000,B
Floor-5-Wing-North-Line-1,1931,2000,A
Floor-5-Wing-South-Line-5,1641,2000,A
Floor-1-Wing-North-Line-4,449,500,C
Floor-5-Wing-South-Line-1,651,800,A
Floor-1-Wing-North-Line-5,483,500,C
Floor-5-Wing-North-Line-2,1426,1500,B
Floor-5-Wing-North-Line-2,1243,1500,C
Floor-1-Wing-South-Line-1,2014,2000,B
Floor-3-Wing-North-Line-4,1982,2000,A
Floor-5-Wing-North-Line-3,1231,1500,B
Floor-3-Wing-South-Line-3,657,800,A
Floor-4-Wing-South-Line-1,1493,1500,B
Floor-2-Wing-North-Line-3,704,800,C
Floor-5-Wing-South-Line-4,402,500,C
Floor-2-Wing-North-Line-4,393,500,A
Floor-5-Wing-North-Line-2,1170,1500,A
Floor-5-Wing-North-Line-5,428,500,B
Floor-3-Wing-South-Line-3,1682,2000,C
Floor-1-Wing-South-Line-3,1570,2000,B
Floor-3-Wing-North-Line-2,1327,1500,C
Floor-1-Wing-North-Line-1,986,1200,C
Floor-2-Wing-North-Line-4,1223,1200,B
Floor-5-Wing-North-Line-5,1595,2000,B
Floor-2-Wing-North-Line-4,638,800,A
Floor-2-Wing-South-Line-1,1076,1200,A
Floor-5-Wing-South-Line-5,2029,2000,C
Floor-2-Wing-North-Line-1,433,500,A
Floor-2-Wing-South-Line-1,1162,1200,A
Floor-3-Wing-South-Line-5,1526,1500,B
Floor-1-Wing-North-Line-1,777,800,A
Floor-2-Wing-South-Line-4,1339,1500,C
Floor-1-Wing-South-Line-3,672,800,A
Floor-1-Wing-South-Line-2,1480,1500,C
Floor-3-Wing-South-Line-4,1306,1500,C
Floor-2-Wing-South-Line-4,1384,1500,C
Floor-2-Wing-North-Line-3,1771,2000,A
Floor-5-Wing-South-Line-3,1388,1500,C
Floor-1-Wing-South-Line-1,1637,2000,A
Floor-4-Wing-South-Line-4,462,500,A
Floor-4-Wing-South-Line-5,688,800,B
Floor-5-Wing-South-Line-2,1229,1500,B
Floor-5-Wing-North-Line-2,1705,2000,C
Floor-2-Wing-South-Line-2,773,800,A
Floor-4-Wing-North-Line-5,1227,1500,B
Floor-2-Wing-North-Line-4,1049,1200,B
Floor-4-Wing-South-Line-3,1170,1500,A
Floor-3-Wing-South-Line-5,502,500,B
Floor-4-Wing-South-Line-3,1685,2000,C
Floor-2-Wing-South-Line-2,472,500,B
Floor-3-Wing-South-Line-1,1265,1500,B
Floor-5-Wing-North-Line-5,1706,2000,C
Floor-5-Wing-North-Line-1,463,500,A
Floor-2-Wing-South-Line-4,762,800,A
Floor-2-Wing-North-Line-4,1714,2000,C
Floor-4-Wing-North-Line-4,1221,1500,C
Floor-1-Wing-North-Line-5,1056,1200,A
Floor-5-Wing-South-Line-3,1918,2000,A
Floor-1-Wing-South-Line-4,446,500,C
Floor-3-Wing-North-Line-4,1874,2000,B
Floor-2-Wing-North-Line-5,1392,1500,B
Floor-3-Wing-South-Line-5,709,800,C
Floor-4-Wing-North-Line-3,484,500,C
Floor-3-Wing-South-Line-2,434,500,B
Floor-4-Wing-South-Line-1,1590,2000,C
Floor-3-Wing-North-Line-4,1953,2000,C
Floor-2-Wing-North-Line-3,1708,2000,B
Floor-3-Wing-North-Line-2,996,1200,B
Floor-2-Wing-South-Line-3,1161,1200,B
Floor-5-Wing-South-Line-2,1910,2000,C
Floor-2-Wing-North-Line-3,440,500,C
Floor-2-Wing-North-Line-3,1205,1200,B
Floor-5-Wing-North-Line-4,1052,1200,C
Floor-3-Wing-South-Line-2,487,500,A
Floor-5-Wing-South-Line-4,423,500,C
Floor-5-Wing-South-Line-2,1726,2000,C
Floor-2-Wing-North-Line-1,507,500,B
Floor-1-Wing-South-Line-1,1164,1200,A
Floor-1-Wing-South-Line-3,1350,1500,C
Floor-3-Wing-South-Line-1,1774,2000,B
Floor-4-Wing-North-Line-3,1000,1200,A
Floor-2-Wing-South-Line-5,1407,1500,B
Floor-2-Wing-North-Line-3,499,500,B
Floor-3-Wing-South-Line-3,1963,2000,B
Floor-4-Wing-South-Line-1,772,800,A
Floor-1-Wing-North-Line-3,705,800,B
Floor-5-Wing-North-Line-4,447,500,A
Floor-1-Wing-North-Line-1,655,800,B
Floor-4-Wing-North-Line-5,406,500,B
Floor-2-Wing-North-Line-3,1146,1200,B
Floor-2-Wing-South-Line-2,1299,1500,A
Floor-2-Wing-South-Line-5,1754,2000,C
Floor-2-Wing-North-Line-2,704,800,B
Floor-2-Wing-North-Line-5,1450,1500,C
Floor-4-Wing-North-Line-4,1140,1200,C
Floor-1-Wing-South-Line-2,1863,2000,C
Floor-2-Wing-South-Line-4,708,800,B
Floor-2-Wing-North-Line-4,1065,1200,B
Floor-2-Wing-South-Line-3,430,500,B
Floor-3-Wing-South-Line-4,793,800,B
Floor-3-Wing-South-Line-4,419,500,A
Floor-3-Wing-South-Line-3,1474,1500,B
Floor-1-Wing-South-Line-3,1282,1500,A
Floor-3-Wing-South-Line-2,2039,2000,A
Floor-2-Wing-South-Line-5,1041,1200,C
Floor-4-Wing-North-Line-5,466,500,C
Floor-2-Wing-South-Line-1,1702,2000,A
Floor-1-Wing-North-Line-3,480,500,C
Floor-3-Wing-South-Line-3,1847,2000,B
Floor-1-Wing-North-Line-3,689,800,B
Floor-2-Wing-South-Line-2,1664,2000,B
Floor-2-Wing-North-Line-2,1393,1500,A
Floor-4-Wing-North-Line-5,1643,2000,A
Floor-3-Wing-South-Line-1,1138,1200,B
Floor-3-Wing-South-Line-1,692,800,C
Floor-3-Wing-South-Line-5,652,800,A
Floor-5-Wing-North-Line-2,1205,1200,B
Floor-5-Wing-South-Line-2,698,800,B
Floor-3-Wing-South-Line-2,748,800,B
Floor-3-Wing-North-Line-5,1807,2000,B
Floor-1-Wing-North-Line-4,1147,1200,C
Floor-5-Wing-North-Line-4,485,500,C
Floor-5-Wing-North-Line-1,1506,1500,B
Floor-3-Wing-North-Line-2,1336,1500,B
Floor-3-Wing-South-Line-3,1135,1200,B
Floor-1-Wing-South-Line-5,2020,2000,A
Floor-1-Wing-South-Line-2,439,500,C
Floor-3-Wing-North-Line-3,1586,2000,A
Floor-2-Wing-South-Line-5,653,800,C
Floor-1-Wing-South-Line-3,668,800,B
Floor-1-Wing-South-Line-2,1372,1500,A
Floor-4-Wing-South-Line-2,496,500,A
Floor-1-Wing-North-Line-4,1974,2000,A
Floor-1-Wing-South-Line-3,1078,1200,C
Floor-4-Wing-North-Line-4,688,800,A
Floor-4-Wing-North-Line-3,727,800,A
Floor-4-Wing-North-Line-1,1418,1500,C
Floor-3-Wing-South-Line-5,438,500,C
Floor-1-Wing-South-Line-5,625,800,C
Floor-1-Wing-North-Line-1,412,500,C
Floor-3-Wing-South-Line-2,412,500,C
Floor-5-Wing-South-Line-2,650,800,A
Floor-3-Wing-South-Line-2,443,500,A
Floor-3-Wing-North-Line-5,1621,2000,C
Floor-5-Wing-North-Line-3,2011,2000,B
Floor-1-Wing-North-Line-3,1677,2000,A
Floor-1-Wing-North-Line-5,1111,1200,B
Floor-3-Wing-North-Line-4,1040,1200,C
Floor-3-Wing-South-Line-4,1974,2000,C
Floor-4-Wing-North-Line-3,503,500,B
Floor-2-Wing-North-Line-5,439,500,B
Floor-1-Wing-North-Line-5,1123,1200,C
Floor-5-Wing-South-Line-3,788,800,B
Floor-2-Wing-South-Line-3,682,800,A
Floor-3-Wing-South-Line-4,1370,1500,B
Floor-3-Wing-North-Line-1,685,800,A
Floor-2-Wing-South-Line-5,738,800,C
Floor-4-Wing-South-Line-1,790,800,B
Floor-4-Wing-North-Line-4,1178,1200,C
Floor-3-Wing-South-Line-2,471,500,A
Floor-3-Wing-North-Line-4,474,500,B
Floor-2-Wing-South-Line-2,957,1200,C
Floor-5-Wing-North-Line-2,1011,1200,C
Floor-4-Wing-South-Line-3,793,800,C
Floor-5-Wing-South-Line-2,2029,2000,A
Floor-5-Wing-South-Line-3,764,800,A
Floor-2-Wing-South-Line-5,782,800,C
Floor-3-Wing-North-Line-2,1323,1500,C
Floor-4-Wing-North-Line-3,802,800,A
Floor-5-Wing-North-Line-2,777,800,A
Floor-4-Wing-North-Line-1,1457,1500,C
Floor-4-Wing-North-Line-4,653,800,B
Floor-1-Wing-North-Line-3,775,800,B
Floor-1-Wing-North-Line-5,1701,2000,B
Floor-2-Wing-North-Line-5,1321,1500,A
Floor-3-Wing-South-Line-1,1080,1200,B
Floor-4-Wing-South-Line-5,1576,2000,B
Floor-3-Wing-South-Line-2,1269,1500,C
Floor-1-Wing-North-Line-5,1366,1500,B
Floor-4-Wing-North-Line-2,769,800,C
Floor-5-Wing-South-Line-5,1154,1200,C
Floor-2-Wing-North-Line-5,502,500,A
Floor-5-Wing-North-Line-1,422,500,B
Floor-2-Wing-South-Line-5,1780,2000,C
Floor-5-Wing-North-Line-2,465,500,C
Floor-5-Wing-South-Line-1,1329,1500,C
Floor-1-Wing-South-Line-5,1456,1500,A
Floor-3-Wing-South-Line-4,1887,2000,A
Floor-3-Wing-North-Line-4,1377,1500,C
Floor-1-Wing-North-Line-3,1521,1500,B
Floor-4-Wing-North-Line-3,1117,1200,C
Floor-1-Wing-South-Line-1,1765,2000,B
Floor-2-Wing-South-Line-3,1125,1200,B
Floor-1-Wing-South-Line-2,1744,2000,B
Floor-2-Wing-South-Line-5,2030,2000,B
Floor-5-Wing-North-Line-5,1208,1500,C
Floor-5-Wing-South-Line-5,1761,2000,B
Floor-1-Wing-South-Line-2,467,500,B
Floor-5-Wing-North-Line-2,2039,2000,B
Floor-3-Wing-South-Line-1,801,800,C
Floor-4-Wing-South-Line-2,1323,1500,A
Floor-3-Wing-North-Line-1,1426,1500,C
Floor-1-Wing-North-Line-4,1089,1200,C
Floor-4-Wing-South-Line-3,434,500,A
Floor-2-Wing-South-Line-4,1350,1500,C
Floor-4-Wing-North-Line-1,497,500,B
Floor-3-Wing-North-Line-2,1133,1200,A
Floor-4-Wing-South-Line-4,1770,2000,C
Floor-2-Wing-South-Line-3,405,500,C
Floor-5-Wing-South-Line-2,412,500,A
Floor-5-Wing-South-Line-2,1870,2000,C
Floor-2-Wing-North-Line-2,1833,2000,C
Floor-1-Wing-South-Line-1,1096,1200,C
Floor-4-Wing-North-Line-4,803,800,C
Floor-5-Wing-North-Line-4,1240,1500,C
Floor-5-Wing-North-Line-1,439,500,A
Floor-3-Wing-South-Line-2,408,500,A
Floor-2-Wing-North-Line-4,399,500,A
Floor-2-Wing-North-Line-3,1893,2000,C
Floor-1-Wing-South-Line-3,393,500,C
Floor-4-Wing-South-Line-1,1438,1500,A
Floor-1-Wing-North-Line-2,1446,1500,B
Floor-2-Wing-South-Line-5,453,500,B
Floor-1-Wing-South-Line-3,1424,1500,C
Floor-4-Wing-North-Line-5,974,1200,C
Floor-3-Wing-South-Line-2,1962,2000,A
Floor-4-Wing-South-Line-3,731,800,B
Floor-3-Wing-South-Line-2,451,500,A
Floor-1-Wing-South-Line-5,408,500,B
Floor-1-Wing-North-Line-1,648,800,B
Floor-3-Wing-North-Line-1,768,800,C
Floor-3-Wing-South-Line-2,1152,1200,A
Floor-4-Wing-North-Line-2,741,800,A
Floor-2-Wing-North-Line-3,1716,2000,C
Floor-3-Wing-North-Line-4,1034,1200,B
Floor-4-Wing-North-Line-2,1338,1500,B
Floor-4-Wing-North-Line-5,1080,1200,A
Floor-1-Wing-South-Line-3,1806,2000,A
Floor-3-Wing-North-Line-2,457,500,A
Floor-5-Wing-North-Line-1,757,800,C
Floor-4-Wing-South-Line-2,712,800,C
Floor-3-Wing-North-Line-1,428,500,B
Floor-3-Wing-South-Line-1,1677,2000,C
Floor-3-Wing-North-Line-3,477,500,C
Floor-3-Wing-South-Line-2,1221,1200,B
Floor-2-Wing-North-Line-4,1327,1500,A
Floor-1-Wing-North-Line-2,1844,2000,A
Floor-2-Wing-South-Line-5,1016,1200,C
Floor-2-Wing-North-Line-3,1226,1500,A
Floor-3-Wing-South-Line-3,1330,1500,A
Floor-1-Wing-South-Line-4,1428,1500,C
Floor-3-Wing-South-Line-2,491,500,B
Floor-1-Wing-South-Line-3,1479,1500,C
Floor-5-Wing-North-Line-4,1779,2000,C
Floor-3-Wing-South-Line-3,1077,1200,B
Floor-5-Wing-North-Line-3,1467,1500,B
Floor-3-Wing-South-Line-4,1502,1500,B
Floor-4-Wing-South-Line-2,1145,1200,C
Floor-5-Wing-North-Line-4,1039,1200,C
Floor-2-Wing-South-Line-2,390,500,B
Floor-1-Wing-North-Line-1,1987,2000,C
Floor-1-Wing-North-Line-5,704,800,A
Floor-1-Wing-North-Line-2,678,800,C
Floor-2-Wing-South-Line-5,683,800,C
Floor-4-Wing-North-Line-5,1507,1500,B
Floor-2-Wing-North-Line-1,1871,2000,B
Floor-1-Wing-South-Line-5,412,500,A
Floor-3-Wing-North-Line-5,487,500,C
Floor-4-Wing-North-Line-5,697,800,B
Floor-5-Wing-North-Line-3,1004,1200,B
Floor-5-Wing-North-Line-4,1479,1500,A
Floor-4-Wing-North-Line-5,691,800,C
Floor-1-Wing-South-Line-4,2002,2000,B
Floor-3-Wing-North-Line-1,1731,2000,A
Floor-2-Wing-South-Line-1,456,500,C
Floor-4-Wing-South-Line-3,1396,1500,C
Floor-2-Wing-South-Line-2,646,800,B
Floor-2-Wing-North-Line-3,1221,1200,B
Floor-5-Wing-North-Line-5,1187,1500,C
Floor-4-Wing-South-Line-4,711,800,A
Floor-1-Wing-North-Line-3,417,500,C
Floor-4-Wing-South-Line-5,454,500,A
Floor-5-Wing-South-Line-1,418,500,A
Floor-5-Wing-South-Line-3,1227,1500,C
Floor-5-Wing-South-Line-4,1116,1200,B
Floor-1-Wing-South-Line-4,1633,2000,B
Floor-4-Wing-North-Line-3,451,500,A
Floor-5-Wing-North-Line-5,1184,1200,B
Floor-1-Wing-South-Line-5,2018,2000,B
Floor-5-Wing-North-Line-1,1845,2000,B
Floor-2-Wing-South-Line-1,1315,1500,C
Floor-2-Wing-South-Line-3,1895,2000,C
Floor-5-Wing-North-Line-1,1510,1500,A
Floor-1-Wing-North-Line-1,1392,1500,B
Floor-2-Wing-North-Line-4,428,500,A
Floor-5-Wing-North-Line-5,1410,1500,C
Floor-1-Wing-South-Line-1,1802,2000,A
Floor-5-Wing-South-Line-3,1119,1200,A
Floor-2-Wing-North-Line-4,963,1200,A
Floor-5-Wing-North-Line-2,2008,2000,C
Floor-4-Wing-South-Line-1,1766,2000,B
Floor-1-Wing-South-Line-4,1013,1200,B
Floor-5-Wing-North-Line-4,1122,1200,A
Floor-3-Wing-North-Line-5,441,500,B
Floor-1-Wing-North-Line-1,789,800,A
Floor-3-Wing-North-Line-2,1132,1200,B
Floor-2-Wing-North-Line-1,809,800,B
Floor-3-Wing-South-Line-3,973,1200,B
Floor-3-Wing-North-Line-2,681,800,B
Floor-2-Wing-South-Line-5,1189,1500,A
Floor-3-Wing-South-Line-4,2039,2000,C
Floor-1-Wing-North-Line-3,1214,1200,A
Floor-4-Wing-South-Line-5,1630,2000,A
Floor-4-Wing-North-Line-5,693,800,A
Floor-2-Wing-North-Line-3,391,500,B
Floor-2-Wing-South-Line-4,1254,1500,A
Floor-3-Wing-South-Line-1,408,500,A
Floor-3-Wing-South-Line-3,396,500,C
Floor-4-Wing-North-Line-2,1827,2000,C
Floor-2-Wing-North-Line-2,715,800,C
Floor-2-Wing-South-Line-2,1259,1500,C
Floor-2-Wing-South-Line-2,1157,1200,B
Floor-3-Wing-South-Line-3,438,500,C
Floor-4-Wing-North-Line-1,1663,2000,C
Floor-3-Wing-North-Line-3,505,500,A
Floor-2-Wing-North-Line-3,1186,1500,C
Floor-1-Wing-North-Line-3,1804,2000,B
Floor-1-Wing-South-Line-1,1406,1500,C
Floor-1-Wing-North-Line-1,774,800,B
Floor-2-Wing-North-Line-3,1226,1500,A
Floor-3-Wing-North-Line-4,1104,1200,B
Floor-4-Wing-South-Line-2,432,500,B
Floor-3-Wing-South-Line-4,759,800,B
Floor-1-Wing-North-Line-1,1063,1200,C
Floor-2-Wing-North-Line-4,1508,1500,C
Floor-5-Wing-North-Line-3,1210,1500,A
Floor-4-Wing-South-Line-3,1259,1500,B
Floor-3-Wing-North-Line-1,802,800,C
Floor-3-Wing-South-Line-3,1358,1500,C
Floor-4-Wing-North-Line-5,1708,2000,A
Floor-2-Wing-South-Line-3,786,800,C
Floor-3-Wing-South-Line-3,435,500,B
Floor-1-Wing-South-Line-3,483,500,B
Floor-1-Wing-North-Line-3,418,500,A
Floor-4-Wing-North-Line-4,665,800,B
Floor-5-Wing-South-Line-4,1228,1500,C
Floor-1-Wing-North-Line-5,1030,1200,B
Floor-3-Wing-South-Line-5,1424,1500,A
Floor-3-Wing-South-Line-3,811,800,B
Floor-1-Wing-North-Line-1,438,500,A
Floor-3-Wing-South-Line-2,736,800,C
Floor-1-Wing-South-Line-4,1077,1200,A
Floor-3-Wing-South-Line-4,1800,2000,C
Floor-4-Wing-South-Line-2,1104,1200,B
Floor-4-Wing-South-Line-4,1381,1500,A
Floor-5-Wing-South-Line-4,2017,2000,C
Floor-4-Wing-South-Line-4,645,800,C
Floor-2-Wing-North-Line-2,942,1200,A
Floor-3-Wing-North-Line-3,1650,2000,B
Floor-1-Wing-North-Line-5,1444,1500,A
Floor-3-Wing-North-Line-5,629,800,B
Floor-1-Wing-North-Line-3,683,800,B
Floor-5-Wing-North-Line-4,1775,2000,C
Floor-4-Wing-North-Line-1,460,500,C
Floor-5-Wing-North-Line-2,1054,1200,C
Floor-1-Wing-North-Line-2,1126,1200,C
Floor-3-Wing-North-Line-3,679,800,B
Floor-5-Wing-South-Line-2,418,500,B
Floor-5-Wing-North-Line-3,1953,2000,B
Floor-1-Wing-North-Line-5,1652,2000,C
Floor-2-Wing-South-Line-3,1223,1200,A
Floor-2-Wing-South-Line-4,631,800,C
Floor-3-Wing-North-Line-2,1999,2000,A
Floor-2-Wing-South-Line-3,398,500,C
Floor-5-Wing-North-Line-2,438,500,C
Floor-2-Wing-South-Line-3,1299,1500,C
Floor-1-Wing-North-Line-1,1817,2000,B
Floor-3-Wing-North-Line-1,1444,1500,B
Floor-4-Wing-South-Line-3,1341,1500,A
Floor-4-Wing-North-Line-2,395,500,A
Floor-2-Wing-North-Line-1,397,500,A
Floor-1-Wing-South-Line-2,629,800,C
Floor-2-Wing-South-Line-2,1309,1500,A
Floor-5-Wing-North-Line-5,1844,2000,A
Floor-3-Wing-North-Line-3,627,800,C
Floor-2-Wing-North-Line-4,476,500,B
Floor-3-Wing-South-Line-2,1128,1200,B
Floor-5-Wing-South-Line-3,1125,1200,A
Floor-3-Wing-South-Line-2,479,500,B
Floor-1-Wing-South-Line-2,1173,1200,A
Floor-1-Wing-South-Line-4,488,500,A
Floor-3-Wing-South-Line-5,644,800,A
Floor-4-Wing-South-Line-2,679,800,C
Floor-5-Wing-North-Line-1,1776,2000,B
Floor-4-Wing-South-Line-1,988,1200,A
Floor-2-Wing-South-Line-4,936,1200,B
Floor-3-Wing-North-Line-4,418,500,C
Floor-3-Wing-South-Line-2,1610,2000,C
Floor-4-Wing-South-Line-4,502,500,A
Floor-1-Wing-South-Line-5,1609,2000,A
Floor-3-Wing-South-Line-4,1033,1200,A
Floor-3-Wing-North-Line-2,1380,1500,B
Floor-4-Wing-North-Line-2,983,1200,C
Floor-3-Wing-South-Line-4,1015,1200,A
Floor-3-Wing-North-Line-1,1694,2000,C
Floor-3-Wing-South-Line-1,1079,1200,A
Floor-4-Wing-South-Line-1,497,500,C
Floor-3-Wing-North-Line-3,1166,1200,B
Floor-2-Wing-North-Line-1,1764,2000,A
Floor-2-Wing-North-Line-5,466,500,C
Floor-4-Wing-South-Line-1,942,1200,B
Floor-3-Wing-South-Line-1,1595,2000,C
Floor-5-Wing-South-Line-4,630,800,B
Floor-1-Wing-North-Line-4,1925,2000,B
Floor-1-Wing-South-Line-4,1205,1500,B
Floor-5-Wing-North-Line-4,967,1200,B
Floor-2-Wing-South-Line-4,1470,1500,B
Floor-2-Wing-North-Line-4,410,500,A
Floor-2-Wing-South-Line-4,1864,2000,B
Floor-2-Wing-North-Line-5,778,800,C
Floor-4-Wing-South-Line-4,697,800,A
Floor-5-Wing-South-Line-2,507,500,A
Floor-5-Wing-South-Line-2,1238,1500,B
Floor-2-Wing-North-Line-2,409,500,A
Floor-4-Wing-South-Line-5,501,500,A
Floor-5-Wing-North-Line-5,1451,1500,B
Floor-2-Wing-North-Line-2,948,1200,B
Floor-3-Wing-North-Line-5,1577,2000,A
Floor-2-Wing-South-Line-1,763,800,A
Floor-4-Wing-North-Line-3,1236,1500,A
Floor-5-Wing-North-Line-3,1620,2000,A
Floor-2-Wing-South-Line-2,1203,1200,A
Floor-5-Wing-North-Line-2,652,800,B
Floor-2-Wing-South-Line-5,452,500,B
Floor-3-Wing-North-Line-2,998,1200,B
Floor-4-Wing-South-Line-2,754,800,B
Floor-5-Wing-South-Line-2,2011,2000,A
Floor-3-Wing-North-Line-1,1503,1500,B
Floor-3-Wing-North-Line-4,1196,1200,B
Floor-3-Wing-South-Line-2,1213,1200,B
Floor-4-Wing-South-Line-2,1749,2000,C
Floor-1-Wing-South-Line-1,1471,1500,C
Floor-5-Wing-South-Line-2,800,800,C
Floor-1-Wing-North-Line-4,481,500,B
Floor-2-Wing-South-Line-1,461,500,C
Floor-4-Wing-North-Line-2,439,500,B
Floor-1-Wing-South-Line-4,1386,1500,C
Floor-1-Wing-North-Line-1,1100,1200,C
Floor-4-Wing-South-Line-4,496,500,C
Floor-2-Wing-South-Line-5,1150,1200,A
Floor-5-Wing-North-Line-4,1925,2000,A
Floor-1-Wing-South-Line-1,1355,1500,B
Floor-5-Wing-South-Line-3,1747,2000,C
Floor-5-Wing-South-Line-2,400,500,A
Floor-4-Wing-South-Line-1,1157,1200,B
Floor-4-Wing-South-Line-5,1046,1200,B
Floor-5-Wing-South-Line-3,1822,2000,C
Floor-4-Wing-South-Line-2,1221,1500,B
Floor-5-Wing-North-Line-1,1345,1500,B
Floor-2-Wing-South-Line-1,498,500,B
Floor-1-Wing-North-Line-1,787,800,C
Floor-5-Wing-South-Line-3,1656,2000,A
Floor-3-Wing-South-Line-5,1858,2000,B
Floor-2-Wing-North-Line-2,1308,1500,B
Floor-1-Wing-North-Line-1,667,800,A
Floor-3-Wing-South-Line-1,423,500,A
Floor-2-Wing-South-Line-4,1090,1200,C
Floor-5-Wing-South-Line-4,1122,1200,B
Floor-1-Wing-North-Line-4,1611,2000,A
Floor-2-Wing-South-Line-1,397,500,B
Floor-5-Wing-South-Line-2,936,1200,A
Floor-4-Wing-South-Line-5,1287,1500,C
Floor-2-Wing-North-Line-1,792,800,A
Floor-1-Wing-North-Line-3,1105,1200,A
Floor-5-Wing-North-Line-2,1878,2000,C
Floor-4-Wing-South-Line-5,780,800,B
Floor-2-Wing-North-Line-3,1963,2000,B
Floor-1-Wing-North-Line-1,493,500,B
Floor-3-Wing-South-Line-2,631,800,B
Floor-3-Wing-South-Line-4,1300,1500,A
Floor-1-Wing-North-Line-2,461,500,C
Floor-5-Wing-South-Line-2,1423,1500,C
Floor-5-Wing-South-Line-1,438,500,B
Floor-2-Wing-North-Line-1,1472,1500,A
Floor-3-Wing-North-Line-2,757,800,A
Floor-1-Wing-North-Line-3,755,800,C
Floor-2-Wing-South-Line-1,1259,1500,C
Floor-2-Wing-North-Line-3,797,800,B
Floor-4-Wing-South-Line-5,1032,1200,C
Floor-3-Wing-North-Line-1,1222,1500,C
Floor-2-Wing-South-Line-1,1318,1500,B
Floor-1-Wing-South-Line-4,1563,2000,B
Floor-1-Wing-North-Line-3,1294,1500,B
Floor-3-Wing-South-Line-5,740,800,C
Floor-4-Wing-South-Line-2,437,500,A
Floor-2-Wing-North-Line-3,1279,1500,C
Floor-2-Wing-North-Line-4,502,500,B
Floor-4-Wing-South-Line-4,1413,1500,A
Floor-2-Wing-South-Line-1,1292,1500,B
Floor-4-Wing-North-Line-2,1330,1500,B
Floor-3-Wing-South-Line-2,479,500,A
Floor-2-Wing-North-Line-3,1203,1200,A
Floor-5-Wing-North-Line-1,1474,1500,A
Floor-5-Wing-North-Line-1,943,1200,C
Floor-5-Wing-North-Line-1,1061,1200,C
Floor-2-Wing-South-Line-2,639,800,B
Floor-5-Wing-South-Line-4,2003,2000,A
Floor-5-Wing-South-Line-5,1006,1200,C
Floor-4-Wing-North-Line-3,1365,1500,A
Floor-3-Wing-South-Line-2,785,800,A
Floor-3-Wing-North-Line-4,1177,1200,C
Floor-2-Wing-South-Line-3,1742,2000,B
Floor-4-Wing-South-Line-2,1818,2000,A
Floor-3-Wing-South-Line-5,1290,1500,C
Floor-4-Wing-South-Line-3,1019,1200,C
Floor-1-Wing-North-Line-1,1198,1200,A
Floor-4-Wing-North-Line-1,1569,2000,A
Floor-1-Wing-South-Line-5,1652,2000,A
Floor-1-Wing-South-Line-5,1193,1500,A
Floor-1-Wing-South-Line-5,1770,2000,B
Floor-1-Wing-South-Line-2,1012,1200,A
Floor-5-Wing-South-Line-2,959,1200,B
Floor-4-Wing-South-Line-2,1035,1200,A
Floor-5-Wing-South-Line-2,391,500,B
Floor-3-Wing-North-Line-4,450,500,A
Floor-4-Wing-North-Line-1,815,800,C
Floor-2-Wing-South-Line-5,1099,1200,B
Floor-4-Wing-North-Line-1,1921,2000,C
Floor-1-Wing-North-Line-3,1423,1500,C
Floor-2-Wing-North-Line-2,683,800,B
Floor-5-Wing-North-Line-5,669,800,C
Floor-2-Wing-South-Line-4,667,800,A
Floor-3-Wing-North-Line-2,738,800,B
Floor-1-Wing-North-Line-5,468,500,A
Floor-3-Wing-South-Line-2,439,500,A
Floor-1-Wing-South-Line-3,710,800,C
Floor-5-Wing-South-Line-2,1362,1500,A
Floor-2-Wing-South-Line-4,1365,1500,C
Floor-4-Wing-North-Line-1,1812,2000,C
Floor-5-Wing-South-Line-3,1873,2000,A
Floor-2-Wing-North-Line-2,1714,2000,C
Floor-1-Wing-South-Line-3,1258,1500,B
Floor-3-Wing-North-Line-3,1337,1500,C
Floor-2-Wing-South-Line-5,1058,1200,C
Floor-5-Wing-North-Line-3,1515,1500,C
Floor-5-Wing-South-Line-5,1165,1200,C
Floor-4-Wing-South-Line-4,1786,2000,A
Floor-2-Wing-North-Line-3,1281,1500,B
Floor-3-Wing-South-Line-1,410,500,A
Floor-2-Wing-South-Line-3,1104,1200,A
Floor-4-Wing-South-Line-5,1702,2000,B
Floor-1-Wing-South-Line-3,1463,1500,B
Floor-4-Wing-North-Line-3,1803,2000,A
Floor-5-Wing-North-Line-3,1076,1200,C
Floor-1-Wing-South-Line-2,1389,1500,A
Floor-1-Wing-North-Line-4,808,800,C
Floor-3-Wing-North-Line-1,727,800,A
Floor-3-Wing-North-Line-5,413,500,C
Floor-5-Wing-North-Line-4,780,800,C
Floor-4-Wing-South-Line-1,426,500,A
Floor-5-Wing-South-Line-2,674,800,A
Floor-1-Wing-North-Line-5,1821,2000,A
Floor-2-Wing-North-Line-5,1648,2000,B
Floor-3-Wing-South-Line-3,1252,1500,B
Floor-5-Wing-South-Line-5,1089,1200,C
Floor-1-Wing-North-Line-2,1526,1500,B
Floor-4-Wing-North-Line-4,485,500,A
Floor-1-Wing-North-Line-2,947,1200,A
Floor-5-Wing-South-Line-2,1417,1500,A
Floor-2-Wing-South-Line-2,1710,2000,A
Floor-5-Wing-South-Line-3,2034,2000,B
Floor-5-Wing-South-Line-2,1759,2000,C
Floor-1-Wing-North-Line-1,1561,2000,C
Floor-2-Wing-South-Line-4,1520,1500,B
Floor-1-Wing-North-Line-1,1367,1500,C
Floor-1-Wing-North-Line-4,778,800,C
Floor-4-Wing-South-Line-5,655,800,C
Floor-5-Wing-South-Line-4,393,500,A
Floor-5-Wing-North-Line-2,782,800,C
Floor-2-Wing-North-Line-1,1873,2000,C
Floor-5-Wing-South-Line-5,460,500,C
Floor-3-Wing-South-Line-4,815,800,C
Floor-3-Wing-North-Line-3,1699,2000,A
Floor-4-Wing-South-Line-1,1281,1500,B
Floor-5-Wing-North-Line-4,1003,1200,C
Floor-4-Wing-South-Line-1,435,500,B
Floor-2-Wing-South-Line-4,449,500,C
Floor-5-Wing-North-Line-5,1107,1200,B
Floor-4-Wing-North-Line-3,1853,2000,A
Floor-2-Wing-South-Line-4,1311,1500,C
Floor-1-Wing-North-Line-2,761,800,A
Floor-1-Wing-South-Line-3,637,800,B
Floor-1-Wing-North-Line-3,1313,1500,B
Floor-4-Wing-South-Line-2,461,500,C
Floor-5-Wing-South-Line-2,704,800,C
Floor-3-Wing-North-Line-4,634,800,B
Floor-2-Wing-North-Line-2,437,500,C
Floor-2-Wing-North-Line-3,1139,1200,C
Floor-3-Wing-North-Line-3,1839,2000,B
Floor-1-Wing-South-Line-1,1714,2000,C
Floor-1-Wing-South-Line-5,716,800,A
Floor-3-Wing-North-Line-1,395,500,B
Floor-1-Wing-North-Line-4,1206,1500,A
Floor-4-Wing-North-Line-5,673,800,B
Floor-3-Wing-North-Line-5,1390,1500,B
Floor-5-Wing-North-Line-1,735,800,C
Floor-5-Wing-South-Line-4,1668,2000,B
Floor-3-Wing-South-Line-5,1194,1200,C
Floor-3-Wing-North-Line-4,491,500,C
Floor-3-Wing-South-Line-2,1500,1500,A
Floor-3-Wing-North-Line-4,1361,1500,A
Floor-1-Wing-South-Line-5,1047,1200,C
Floor-4-Wing-South-Line-2,1112,1200,C
Floor-2-Wing-South-Line-3,1223,1500,B
Floor-2-Wing-South-Line-3,433,500,C
Floor-5-Wing-North-Line-2,1897,2000,A
Floor-1-Wing-North-Line-2,1951,2000,C
Floor-2-Wing-South-Line-1,1255,1500,C
Floor-5-Wing-South-Line-2,1217,1200,A
Floor-2-Wing-North-Line-4,662,800,C
Floor-2-Wing-South-Line-3,990,1200,C
Floor-3-Wing-South-Line-3,940,1200,C
Floor-5-Wing-North-Line-4,1796,2000,A
Floor-1-Wing-South-Line-1,1317,1500,C
Floor-5-Wing-South-Line-5,2030,2000,B
Floor-4-Wing-North-Line-3,810,800,B
Floor-1-Wing-North-Line-2,1724,2000,A
Floor-5-Wing-South-Line-1,1185,1500,C
Floor-2-Wing-North-Line-4,701,800,B
Floor-4-Wing-South-Line-5,480,500,C
Floor-2-Wing-North-Line-2,1178,1200,C
Floor-5-Wing-North-Line-5,1837,2000,B
Floor-4-Wing-South-Line-1,1192,1200,C
Floor-5-Wing-North-Line-3,728,800,A
Floor-2-Wing-North-Line-4,1623,2000,B
Floor-4-Wing-North-Line-4,664,800,C
Floor-1-Wing-North-Line-2,1356,1500,C
Floor-1-Wing-South-Line-4,1358,1500,B
Floor-3-Wing-South-Line-4,975,1200,C
Floor-2-Wing-South-Line-2,1157,1200,B
Floor-5-Wing-North-Line-2,481,500,A
Floor-2-Wing-North-Line-2,1823,2000,C
Floor-2-Wing-South-Line-4,791,800,A
Floor-4-Wing-South-Line-1,1676,2000,B
Floor-5-Wing-South-Line-2,425,500,C
Floor-3-Wing-North-Line-3,504,500,C
Floor-5-Wing-South-Line-5,465,500,A
Floor-1-Wing-South-Line-5,1759,2000,C
Floor-2-Wing-South-Line-4,1814,2000,C
Floor-3-Wing-North-Line-2,689,800,C
Floor-4-Wing-South-Line-4,974,1200,C
Floor-1-Wing-South-Line-4,413,500,A
Floor-5-Wing-North-Line-3,1692,2000,C
Floor-1-Wing-North-Line-3,439,500,C
Floor-2-Wing-North-Line-3,1214,1200,A
Floor-5-Wing-South-Line-4,780,800,C
Floor-3-Wing-North-Line-4,1508,1500,B
Floor-3-Wing-North-Line-3,672,800,B
Floor-4-Wing-North-Line-5,1310,1500,A
Floor-5-Wing-South-Line-1,1164,1200,B
Floor-5-Wing-North-Line-3,1342,1500,C
Floor-1-Wing-South-Line-2,464,500,C
Floor-1-Wing-South-Line-1,737,800,C
Floor-5-Wing-North-Line-3,390,500,B
Floor-4-Wing-North-Line-4,780,800,C
Floor-5-Wing-South-Line-5,1442,1500,C
Floor-4-Wing-South-Line-1,1562,2000,B
Floor-3-Wing-South-Line-2,1188,1200,B
Floor-5-Wing-South-Line-2,1526,1500,C
Floor-4-Wing-North-Line-4,1778,2000,B
Floor-5-Wing-South-Line-5,1651,2000,B
Floor-1-Wing-South-Line-5,1431,1500,B
Floor-3-Wing-South-Line-5,1076,1200,B
Floor-5-Wing-North-Line-4,1009,1200,B
Floor-4-Wing-North-Line-5,1033,1200,C
Floor-1-Wing-North-Line-3,399,500,A
Floor-5-Wing-North-Line-1,754,800,C
Floor-3-Wing-South-Line-4,1280,1500,C
Floor-4-Wing-South-Line-1,435,500,A
Floor-2-Wing-South-Line-3,1959,2000,C
Floor-1-Wing-North-Line-4,482,500,C
Floor-2-Wing-South-Line-3,1757,2000,B
Floor-1-Wing-North-Line-3,1017,1200,B
Floor-2-Wing-South-Line-2,1431,1500,B
Floor-5-Wing-North-Line-1,1203,1200,C
Floor-2-Wing-South-Line-5,936,1200,A
Floor-5-Wing-South-Line-5,1419,1500,B
Floor-5-Wing-North-Line-4,765,800,B
Floor-5-Wing-North-Line-1,1615,2000,B
Floor-4-Wing-South-Line-5,1779,2000,C
Floor-5-Wing-South-Line-4,482,500,C
Floor-2-Wing-North-Line-1,1910,2000,A
Floor-4-Wing-North-Line-2,1634,2000,A
Floor-5-Wing-South-Line-3,1935,2000,A
Floor-4-Wing-South-Line-4,456,500,B
Floor-3-Wing-North-Line-2,1124,1200,B
Floor-1-Wing-South-Line-3,630,800,A
Floor-4-Wing-South-Line-5,747,800,B
Floor-3-Wing-South-Line-1,1081,1200,B
Floor-1-Wing-North-Line-5,1712,2000,B
Floor-2-Wing-South-Line-5,488,500,C
Floor-5-Wing-North-Line-4,453,500,B
Floor-4-Wing-South-Line-5,1138,1200,B
Floor-2-Wing-North-Line-5,742,800,C
Floor-2-Wing-North-Line-1,1450,1500,C
Floor-4-Wing-North-Line-2,805,800,C
Floor-4-Wing-South-Line-2,1079,1200,C
Floor-5-Wing-North-Line-3,1672,2000,A
Floor-2-Wing-North-Line-4,964,1200,B
Floor-1-Wing-North-Line-5,433,500,B
Floor-5-Wing-South-Line-1,1214,1500,A
Floor-3-Wing-North-Line-3,1806,2000,A
Floor-4-Wing-North-Line-2,741,800,C
Floor-2-Wing-North-Line-3,1031,1200,B
Floor-4-Wing-South-Line-3,1814,2000,C
Floor-1-Wing-South-Line-5,1953,2000,A
Floor-4-Wing-North-Line-1,701,800,B
Floor-5-Wing-North-Line-2,721,800,B
Floor-5-Wing-North-Line-5,1297,1500,A
Floor-2-Wing-North-Line-4,396,500,A
Floor-4-Wing-South-Line-4,755,800,B
Floor-5-Wing-South-Line-5,1990,2000,B
Floor-2-Wing-South-Line-2,762,800,B
Floor-5-Wing-South-Line-2,737,800,B
Floor-4-Wing-North-Line-1,1054,1200,A
Floor-3-Wing-North-Line-1,1956,2000,A
Floor-5-Wing-South-Line-5,1279,1500,B
Floor-5-Wing-South-Line-1,993,1200,A
Floor-3-Wing-South-Line-5,1217,1500,B
Floor-4-Wing-North-Line-5,648,800,B
Floor-1-Wing-North-Line-2,1441,1500,B
Floor-1-Wing-North-Line-3,427,500,C
Floor-4-Wing-North-Line-5,643,800,C
Floor-4-Wing-North-Line-2,708,800,B
Floor-3-Wing-South-Line-2,1031,1200,A
Floor-3-Wing-North-Line-4,1840,2000,A
Floor-5-Wing-South-Line-2,1780,2000,B
Floor-3-Wing-North-Line-5,417,500,B
Floor-3-Wing-South-Line-1,1007,1200,B
Floor-5-Wing-South-Line-3,1206,1200,A
Floor-5-Wing-South-Line-3,1609,2000,A
Floor-5-Wing-South-Line-3,1297,1500,A
Floor-3-Wing-North-Line-4,1144,1200,A
Floor-1-Wing-South-Line-3,815,800,C
Floor-2-Wing-North-Line-5,1498,1500,B
Floor-3-Wing-North-Line-5,492,500,A
Floor-2-Wing-North-Line-2,1220,1200,C
Floor-5-Wing-South-Line-3,682,800,A
Floor-4-Wing-North-Line-3,1044,1200,A
Floor-4-Wing-North-Line-3,759,800,A
Floor-1-Wing-North-Line-5,1262,1500,B
Floor-2-Wing-North-Line-2,792,800,C
Floor-5-Wing-North-Line-5,1839,2000,A
Floor-3-Wing-South-Line-4,773,800,A
Floor-3-Wing-North-Line-3,469,500,C
Floor-2-Wing-North-Line-4,1981,2000,B
Floor-3-Wing-North-Line-4,1819,2000,B
Floor-1-Wing-North-Line-3,653,800,B
Floor-2-Wing-North-Line-4,495,500,C
Floor-5-Wing-South-Line-3,665,800,B
Floor-2-Wing-North-Line-2,689,800,B
Floor-5-Wing-South-Line-2,1638,2000,A
Floor-1-Wing-North-Line-3,1272,1500,B
Floor-5-Wing-North-Line-2,1284,1500,A
Floor-4-Wing-South-Line-1,2007,2000,B
Floor-3-Wing-North-Line-5,508,500,A
Floor-1-Wing-South-Line-1,809,800,C
Floor-5-Wing-North-Line-2,1489,1500,B
Floor-5-Wing-South-Line-5,1916,2000,B
Floor-2-Wing-South-Line-3,972,1200,C
Floor-2-Wing-North-Line-2,1315,1500,C
Floor-2-Wing-South-Line-1,1674,2000,C
Floor-2-Wing-North-Line-5,1107,1200,C
Floor-1-Wing-South-Line-1,2023,2000,B
Floor-2-Wing-South-Line-2,644,800,A
Floor-4-Wing-North-Line-4,1513,1500,B
Floor-5-Wing-South-Line-4,1157,1200,C
Floor-3-Wing-South-Line-2,1929,2000,A
Floor-3-Wing-South-Line-4,1293,1500,B
Floor-3-Wing-North-Line-3,1703,2000,A
Floor-3-Wing-North-Line-2,1376,1500,A
Floor-5-Wing-North-Line-1,1526,1500,A
Floor-1-Wing-South-Line-5,431,500,C
Floor-3-Wing-South-Line-1,980,1200,A
Floor-5-Wing-North-Line-1,998,1200,C
Floor-1-Wing-South-Line-5,1053,1200,B
Floor-1-Wing-North-Line-5,1119,1200,C
Floor-2-Wing-North-Line-3,1096,1200,A
Floor-5-Wing-South-Line-2,770,800,C
Floor-3-Wing-South-Line-5,1194,1200,C
Floor-2-Wing-South-Line-3,780,800,A
Floor-2-Wing-South-Line-3,472,500,C
Floor-1-Wing-South-Line-2,396,500,B
Floor-4-Wing-North-Line-3,1491,1500,C
Floor-2-Wing-North-Line-3,731,800,C
Floor-5-Wing-North-Line-3,1646,2000,B
Floor-3-Wing-North-Line-3,1055,1200,C
Floor-4-Wing-North-Line-3,738,800,A
Floor-2-Wing-South-Line-3,1207,1500,B
Floor-5-Wing-South-Line-3,698,800,C
Floor-2-Wing-South-Line-4,1140,1200,A
Floor-5-Wing-North-Line-1,687,800,C
Floor-2-Wing-South-Line-4,427,500,A
Floor-4-Wing-South-Line-4,1639,2000,A
Floor-4-Wing-North-Line-1,486,500,B
Floor-5-Wing-North-Line-4,799,800,A
Floor-2-Wing-South-Line-2,1596,2000,C
Floor-3-Wing-South-Line-2,498,500,A
Floor-2-Wing-South-Line-4,1269,1500,C
Floor-5-Wing-North-Line-3,1751,2000,C
Floor-4-Wing-South-Line-4,406,500,B
Floor-3-Wing-South-Line-2,449,500,C
Floor-2-Wing-North-Line-2,1206,1200,B
Floor-3-Wing-South-Line-1,1892,2000,C
Floor-5-Wing-North-Line-4,964,1200,B
Floor-2-Wing-North-Line-3,725,800,B
Floor-4-Wing-North-Line-4,415,500,C
Floor-1-Wing-North-Line-1,1323,1500,A
Floor-4-Wing-South-Line-3,808,800,C
Floor-4-Wing-North-Line-4,1242,1500,B
Floor-4-Wing-South-Line-2,1261,1500,C
Floor-3-Wing-North-Line-5,470,500,B
Floor-3-Wing-North-Line-1,1138,1200,A
Floor-4-Wing-North-Line-1,627,800,B
Floor-2-Wing-North-Line-1,399,500,C
Floor-3-Wing-South-Line-1,1320,1500,A
Floor-1-Wing-South-Line-1,1639,2000,A
Floor-3-Wing-North-Line-2,1103,1200,B
Floor-4-Wing-South-Line-3,767,800,A
Floor-1-Wing-South-Line-1,1161,1200,B
Floor-1-Wing-South-Line-4,1991,2000,A
Floor-4-Wing-North-Line-1,1625,2000,C
Floor-1-Wing-South-Line-1,1040,1200,A
Floor-1-Wing-South-Line-5,1155,1200,A
Floor-2-Wing-South-Line-3,949,1200,A
Floor-4-Wing-South-Line-1,407,500,B
Floor-3-Wing-North-Line-2,433,500,A
Floor-5-Wing-North-Line-1,1206,1200,B
Floor-2-Wing-South-Line-1,1315,1500,B
Floor-5-Wing-South-Line-1,1987,2000,B
Floor-2-Wing-North-Line-1,484,500,A
Floor-5-Wing-South-Line-1,1116,1200,B
Floor-3-Wing-North-Line-3,1113,1200,B
Floor-4-Wing-South-Line-1,1193,1500,A
Floor-4-Wing-North-Line-5,1931,2000,A
Floor-5-Wing-South-Line-1,1580,2000,C
Floor-2-Wing-North-Line-5,1295,1500,A
Floor-2-Wing-South-Line-5,486,500,C
Floor-4-Wing-South-Line-5,1600,2000,B
Floor-3-Wing-North-Line-5,1420,1500,C
Floor-1-Wing-South-Line-5,757,800,A
Floor-4-Wing-North-Line-4,1189,1500,C
Floor-2-Wing-South-Line-2,1472,1500,C
Floor-1-Wing-North-Line-4,1331,1500,C
Floor-3-Wing-South-Line-4,439,500,B
Floor-3-Wing-South-Line-2,641,800,B
Floor-2-Wing-South-Line-4,1754,2000,A
Floor-2-Wing-North-Line-4,1609,2000,A
Floor-2-Wing-North-Line-5,1359,1500,C
Floor-4-Wing-North-Line-5,435,500,C
Floor-1-Wing-South-Line-4,694,800,A
Floor-2-Wing-South-Line-1,428,500,B
Floor-2-Wing-North-Line-1,1433,1500,B
Floor-3-Wing-South-Line-4,1671,2000,C
Floor-5-Wing-South-Line-2,1390,1500,A
Floor-4-Wing-North-Line-3,484,500,C
Floor-2-Wing-North-Line-5,1273,1500,A
Floor-2-Wing-North-Line-1,421,500,A
Floor-2-Wing-South-Line-2,1216,1500,B
Floor-1-Wing-North-Line-4,1267,1500,B
Floor-5-Wing-South-Line-2,415,500,A
Floor-2-Wing-South-Line-4,472,500,A
Floor-4-Wing-South-Line-2,1628,2000,C
Floor-2-Wing-North-Line-1,785,800,C
Floor-4-Wing-North-Line-2,465,500,A
Floor-5-Wing-South-Line-4,730,800,C
Floor-3-Wing-North-Line-2,1938,2000,B
Floor-5-Wing-South-Line-5,488,500,A
Floor-4-Wing-South-Line-5,416,500,C
Floor-4-Wing-South-Line-2,428,500,B
Floor-4-Wing-North-Line-3,770,800,A
Floor-5-Wing-North-Line-1,1669,2000,C
Floor-2-Wing-South-Line-3,1868,2000,B
Floor-2-Wing-North-Line-1,498,500,A
Floor-3-Wing-North-Line-1,1788,2000,A
Floor-2-Wing-South-Line-5,436,500,A
Floor-1-Wing-North-Line-2,399,500,B
Floor-5-Wing-North-Line-4,1005,1200,B
Floor-5-Wing-North-Line-2,1599,2000,C
Floor-1-Wing-South-Line-4,428,500,B
Floor-3-Wing-North-Line-1,1142,1200,B
Floor-1-Wing-North-Line-2,1602,2000,A
Floor-2-Wing-North-Line-2,498,500,C
Floor-5-Wing-South-Line-3,1434,1500,B
Floor-5-Wing-North-Line-5,1931,2000,C
Floor-2-Wing-North-Line-1,422,500,B
Floor-3-Wing-North-Line-5,738,800,C
Floor-5-Wing-South-Line-4,1222,1500,A
Floor-1-Wing-North-Line-4,1477,1500,A
Floor-2-Wing-North-Line-4,627,800,B
Floor-1-Wing-North-Line-2,1331,1500,A
Floor-2-Wing-North-Line-4,1264,1500,C
Floor-4-Wing-North-Line-2,1010,1200,B
Floor-2-Wing-North-Line-3,416,500,C
Floor-4-Wing-South-Line-5,1380,1500,A
Floor-5-Wing-North-Line-4,971,1200,A
Floor-3-Wing-North-Line-1,1003,1200,B
Floor-5-Wing-South-Line-3,487,500,C
Floor-2-Wing-South-Line-3,780,800,C
Floor-3-Wing-North-Line-4,966,1200,B
Floor-2-Wing-South-Line-2,1591,2000,C
Floor-2-Wing-South-Line-1,801,800,B
Floor-5-Wing-South-Line-4,770,800,C
Floor-5-Wing-South-Line-5,453,500,C
Floor-4-Wing-North-Line-1,1213,1200,A
Floor-4-Wing-North-Line-5,1114,1200,B
Floor-2-Wing-South-Line-5,1216,1500,B
Floor-1-Wing-South-Line-4,769,800,C
Floor-2-Wing-North-Line-5,467,500,B
Floor-1-Wing-North-Line-3,1264,1500,C
Floor-5-Wing-South-Line-1,738,800,A
Floor-2-Wing-North-Line-2,750,800,C
Floor-5-Wing-North-Line-1,634,800,B
Floor-4-Wing-South-Line-3,463,500,B
Floor-5-Wing-South-Line-3,1386,1500,B
Floor-4-Wing-North-Line-5,1691,2000,C
Floor-5-Wing-North-Line-1,1207,1500,A
Floor-5-Wing-South-Line-2,1936,2000,C
Floor-2-Wing-South-Line-4,428,500,C
Floor-2-Wing-South-Line-5,1866,2000,C
Floor-3-Wing-North-Line-2,768,800,A
Floor-3-Wing-North-Line-5,492,500,A
Floor-5-Wing-North-Line-4,804,800,B
Floor-1-Wing-North-Line-5,1173,1500,C
Floor-5-Wing-North-Line-4,1426,1500,A
Floor-1-Wing-South-Line-5,1195,1200,A
Floor-2-Wing-North-Line-2,1248,1500,C
Floor-1-Wing-South-Line-1,1289,1500,A
Floor-3-Wing-North-Line-5,1027,1200,C
Floor-3-Wing-South-Line-2,655,800,C
Floor-5-Wing-North-Line-2,1852,2000,C
Floor-4-Wing-South-Line-5,1512,1500,B
Floor-2-Wing-North-Line-1,1715,2000,B
Floor-2-Wing-South-Line-1,1871,2000,C
Floor-4-Wing-South-Line-5,2036,2000,C
Floor-5-Wing-South-Line-5,1017,1200,C
Floor-4-Wing-South-Line-4,1219,1500,B
Floor-1-Wing-North-Line-3,1639,2000,A
Floor-3-Wing-South-Line-3,458,500,A
Floor-4-Wing-South-Line-4,1889,2000,C
Floor-2-Wing-North-Line-3,1727,2000,A
Floor-5-Wing-South-Line-1,398,500,A
Floor-3-Wing-North-Line-5,1651,2000,B
Floor-4-Wing-South-Line-4,1058,1200,C
Floor-2-Wing-North-Line-3,786,800,A
Floor-2-Wing-South-Line-3,1449,1500,B
Floor-1-Wing-North-Line-1,503,500,C
Floor-5-Wing-South-Line-5,428,500,B
Floor-5-Wing-South-Line-2,756,800,A
Floor-5-Wing-North-Line-4,1190,1500,C
Floor-4-Wing-North-Line-2,416,500,A
Floor-4-Wing-South-Line-5,436,500,A
Floor-5-Wing-North-Line-5,627,800,C
Floor-3-Wing-North-Line-4,396,500,B
Floor-4-Wing-South-Line-1,477,500,C
Floor-5-Wing-North-Line-1,503,500,C
Floor-3-Wing-North-Line-1,1225,1500,A
Floor-3-Wing-North-Line-4,938,1200,A
Floor-2-Wing-North-Line-1,394,500,C
Floor-2-Wing-South-Line-1,1638,2000,C
Floor-4-Wing-South-Line-3,1024,1200,C
Floor-2-Wing-North-Line-4,1526,1500,B
Floor-2-Wing-South-Line-2,972,1200,A
Floor-4-Wing-North-Line-3,631,800,B
Floor-3-Wing-North-Line-4,1655,2000,C
Floor-5-Wing-North-Line-2,805,800,A
Floor-3-Wing-North-Line-1,1178,1200,B
Floor-1-Wing-North-Line-3,1747,2000,A
Floor-5-Wing-North-Line-4,495,500,B
Floor-1-Wing-South-Line-4,955,1200,C
Floor-3-Wing-South-Line-5,434,500,B
Floor-1-Wing-South-Line-3,1136,1200,C
Floor-1-Wing-North-Line-1,1833,2000,A
Floor-1-Wing-South-Line-2,676,800,A
Floor-2-Wing-South-Line-2,1693,2000,A
Floor-4-Wing-North-Line-1,1330,1500,B
Floor-2-Wing-North-Line-5,646,800,A
Floor-3-Wing-South-Line-4,1687,2000,C
Floor-2-Wing-North-Line-1,705,800,B
Floor-3-Wing-North-Line-4,1019,1200,B
Floor-5-Wing-North-Line-5,1398,1500,A
Floor-3-Wing-South-Line-5,1056,1200,A
Floor-5-Wing-North-Line-2,1606,2000,A
Floor-1-Wing-South-Line-1,1769,2000,B
Floor-2-Wing-North-Line-4,1152,1200,C
Floor-1-Wing-North-Line-5,753,800,A
Floor-2-Wing-South-Line-1,1516,1500,B
Floor-2-Wing-South-Line-2,1885,2000,A
Floor-5-Wing-South-Line-5,1154,1200,A
Floor-4-Wing-South-Line-3,508,500,A
Floor-3-Wing-North-Line-1,1607,2000,C
Floor-2-Wing-North-Line-3,683,800,B
Floor-3-Wing-South-Line-4,1463,1500,A
Floor-5-Wing-South-Line-2,435,500,A
Floor-2-Wing-South-Line-4,1007,1200,C
Floor-4-Wing-South-Line-4,1303,1500,B
Floor-2-Wing-South-Line-3,457,500,B
Floor-2-Wing-North-Line-2,459,500,C
Floor-4-Wing-North-Line-4,729,800,B
Floor-5-Wing-North-Line-2,777,800,A
Floor-4-Wing-South-Line-1,806,800,C
Floor-2-Wing-North-Line-5,1034,1200,C
Floor-5-Wing-South-Line-5,1288,1500,B
Floor-5-Wing-North-Line-5,437,500,B
Floor-5-Wing-North-Line-5,473,500,C
Floor-1-Wing-North-Line-3,1188,1200,A
Floor-2-Wing-North-Line-1,1373,1500,B
Floor-5-Wing-North-Line-3,410,500,A
Floor-1-Wing-North-Line-2,1170,1200,C
Floor-5-Wing-South-Line-2,441,500,A
Floor-3-Wing-South-Line-4,1392,1500,B
Floor-1-Wing-North-Line-5,1156,1200,C
Floor-4-Wing-South-Line-4,753,800,B
Floor-4-Wing-North-Line-3,1210,1500,B
Floor-1-Wing-South-Line-4,436,500,A
Floor-5-Wing-South-Line-1,463,500,C
Floor-3-Wing-North-Line-3,1618,2000,B
Floor-3-Wing-South-Line-3,640,800,B
Floor-5-Wing-South-Line-5,1372,1500,C
Floor-2-Wing-South-Line-2,1315,1500,A
Floor-2-Wing-North-Line-2,1766,2000,A
Floor-5-Wing-North-Line-5,440,500,A
Floor-4-Wing-South-Line-1,764,800,A
Floor-2-Wing-North-Line-3,720,800,C
Floor-5-Wing-South-Line-3,399,500,C
Floor-2-Wing-South-Line-2,1661,2000,A
Floor-4-Wing-North-Line-2,1145,1200,C
Floor-1-Wing-North-Line-5,673,800,A
Floor-4-Wing-North-Line-5,1794,2000,B
Floor-1-Wing-South-Line-5,778,800,B
Floor-4-Wing-North-Line-3,639,800,B
Floor-4-Wing-North-Line-4,808,800,A
Floor-5-Wing-South-Line-5,1190,1200,A
Floor-2-Wing-North-Line-3,800,800,C
Floor-5-Wing-North-Line-5,1456,1500,C
Floor-1-Wing-South-Line-1,1476,1500,A
Floor-1-Wing-North-Line-5,1813,2000,C
Floor-2-Wing-South-Line-3,1595,2000,C
Floor-3-Wing-North-Line-2,1882,2000,B
Floor-5-Wing-South-Line-3,1820,2000,C
Floor-2-Wing-South-Line-5,775,800,C
Floor-4-Wing-North-Line-1,1214,1500,B
Floor-3-Wing-South-Line-5,1780,2000,A
Floor-1-Wing-North-Line-4,2014,2000,B
Floor-5-Wing-North-Line-2,391,500,A
Floor-5-Wing-North-Line-1,1880,2000,A
Floor-1-Wing-North-Line-5,485,500,B
Floor-2-Wing-South-Line-4,1614,2000,C
Floor-3-Wing-North-Line-4,1483,1500,C
Floor-5-Wing-South-Line-1,507,500,A
Floor-4-Wing-North-Line-3,731,800,A
Floor-3-Wing-South-Line-5,985,1200,C
Floor-3-Wing-North-Line-5,733,800,B
Floor-4-Wing-South-Line-4,453,500,A
Floor-5-Wing-North-Line-2,1631,2000,B
Floor-2-Wing-South-Line-3,446,500,C
Floor-5-Wing-North-Line-2,1137,1200,C
Floor-5-Wing-North-Line-4,993,1200,B
Floor-5-Wing-North-Line-2,951,1200,C
Floor-2-Wing-North-Line-3,1184,1500,B
Floor-4-Wing-South-Line-4,1044,1200,A
Floor-1-Wing-North-Line-1,1378,1500,B
Floor-4-Wing-North-Line-5,1503,1500,C
Floor-4-Wing-South-Line-1,1887,2000,C
Floor-1-Wing-North-Line-3,714,800,B
Floor-5-Wing-South-Line-1,1667,2000,B
Floor-5-Wing-North-Line-4,1333,1500,A
Floor-1-Wing-North-Line-5,642,800,B
Floor-5-Wing-South-Line-1,1273,1500,C
Floor-1-Wing-North-Line-5,1284,1500,C
Floor-2-Wing-North-Line-2,504,500,B
Floor-2-Wing-North-Line-3,1251,1500,B
Floor-5-Wing-South-Line-1,635,800,A
Floor-1-Wing-North-Line-2,438,500,C
Floor-3-Wing-North-Line-4,703,800,B
Floor-2-Wing-South-Line-3,1419,1500,B
Floor-5-Wing-South-Line-2,451,500,B
Floor-2-Wing-South-Line-3,1421,1500,A
Floor-3-Wing-South-Line-2,1012,1200,C
Floor-2-Wing-North-Line-5,1175,1200,B
Floor-4-Wing-North-Line-3,1855,2000,A
Floor-3-Wing-North-Line-2,394,500,C
Floor-3-Wing-North-Line-1,1857,2000,A
Floor-4-Wing-South-Line-3,1868,2000,B
Floor-4-Wing-South-Line-2,1699,2000,B
Floor-2-Wing-North-Line-5,1755,2000,C
Floor-1-Wing-North-Line-1,1024,1200,C
Floor-1-Wing-South-Line-5,1195,1200,C
Floor-4-Wing-North-Line-3,403,500,A
Floor-5-Wing-South-Line-4,394,500,C
Floor-4-Wing-South-Line-5,471,500,A
Floor-1-Wing-North-Line-4,1370,1500,B
Floor-3-Wing-South-Line-2,777,800,C
Floor-3-Wing-North-Line-5,467,500,B
Floor-5-Wing-North-Line-3,1193,1200,A
Floor-2-Wing-North-Line-3,1713,2000,C
Floor-1-Wing-North-Line-3,1971,2000,A
Floor-4-Wing-North-Line-3,1662,2000,B
Floor-5-Wing-North-Line-1,1314,1500,A
Floor-5-Wing-South-Line-4,678,800,A
Floor-3-Wing-North-Line-2,701,800,C
Floor-5-Wing-South-Line-5,647,800,B
Floor-2-Wing-North-Line-1,748,800,A
Floor-4-Wing-North-Line-3,1648,2000,B
Floor-3-Wing-North-Line-3,1689,2000,A
Floor-4-Wing-North-Line-4,482,500,C
Floor-5-Wing-South-Line-2,972,1200,A
Floor-2-Wing-North-Line-3,1497,1500,B
Floor-5-Wing-South-Line-3,397,500,A
Floor-4-Wing-South-Line-3,1774,2000,C
Floor-4-Wing-North-Line-4,1844,2000,C
Floor-5-Wing-North-Line-1,680,800,B
Floor-1-Wing-South-Line-1,942,1200,B
Floor-1-Wing-South-Line-5,1223,1200,A
Floor-5-Wing-South-Line-3,1054,1200,A
Floor-5-Wing-South-Line-1,1070,1200,B
Floor-2-Wing-South-Line-4,474,500,B
Floor-5-Wing-South-Line-2,1048,1200,B
Floor-5-Wing-North-Line-2,1194,1200,A
Floor-4-Wing-South-Line-1,1562,2000,A
Floor-3-Wing-North-Line-2,673,800,B
Floor-2-Wing-North-Line-2,1978,2000,B
Floor-2-Wing-South-Line-2,1405,1500,A
Floor-1-Wing-South-Line-4,1729,2000,B
Floor-4-Wing-North-Line-5,653,800,B
Floor-5-Wing-North-Line-2,1239,1500,B
Floor-2-Wing-South-Line-4,1328,1500,A
Floor-4-Wing-South-Line-1,414,500,C
Floor-1-Wing-North-Line-5,654,800,B
Floor-1-Wing-North-Line-5,1395,1500,A
Floor-1-Wing-North-Line-1,785,800,C
Floor-2-Wing-South-Line-2,1518,1500,C
Floor-1-Wing-North-Line-2,1033,1200,A
Floor-2-Wing-South-Line-4,1629,2000,C
Floor-3-Wing-North-Line-5,1221,1200,B
Floor-3-Wing-North-Line-3,1172,1500,C
Floor-3-Wing-North-Line-5,479,500,C
Floor-3-Wing-South-Line-4,1115,1200,B
Floor-4-Wing-North-Line-4,447,500,C
Floor-2-Wing-North-Line-4,1708,2000,B
Floor-1-Wing-North-Line-3,804,800,B
Floor-5-Wing-South-Line-4,1569,2000,C
Floor-2-Wing-North-Line-4,502,500,B
Floor-2-Wing-North-Line-4,1403,1500,C
Floor-1-Wing-North-Line-3,1738,2000,C
Floor-2-Wing-South-Line-1,496,500,C
Floor-3-Wing-South-Line-4,1301,1500,B
Floor-1-Wing-South-Line-3,952,1200,B
Floor-2-Wing-North-Line-3,1154,1200,B
Floor-2-Wing-South-Line-2,488,500,C
Floor-2-Wing-North-Line-5,978,1200,A
Floor-2-Wing-South-Line-1,626,800,A
Floor-5-Wing-North-Line-4,423,500,C
Floor-5-Wing-North-Line-1,1348,1500,B
Floor-2-Wing-North-Line-4,483,500,A
Floor-1-Wing-North-Line-1,1259,1500,A
Floor-5-Wing-North-Line-1,1492,1500,B
Floor-2-Wing-South-Line-5,1923,2000,B
Floor-4-Wing-South-Line-3,638,800,B
Floor-5-Wing-North-Line-4,1179,1500,A
Floor-1-Wing-North-Line-1,390,500,B
Floor-1-Wing-North-Line-3,491,500,C
Floor-1-Wing-South-Line-5,1322,1500,B
Floor-5-Wing-North-Line-5,1043,1200,C
Floor-2-Wing-North-Line-1,1077,1200,C
Floor-1-Wing-North-Line-3,1217,1200,C
Floor-3-Wing-North-Line-5,459,500,B
Floor-2-Wing-North-Line-3,1209,1500,A
Floor-4-Wing-South-Line-1,413,500,C
Floor-1-Wing-South-Line-1,395,500,B
Floor-5-Wing-South-Line-2,482,500,A
Floor-5-Wing-North-Line-2,1354,1500,C
Floor-4-Wing-South-Line-4,1051,1200,B
Floor-4-Wing-South-Line-5,774,800,A
Floor-1-Wing-North-Line-5,1357,1500,B
Floor-5-Wing-South-Line-2,1641,2000,A
Floor-4-Wing-South-Line-1,432,500,A
Floor-1-Wing-North-Line-4,401,500,C
Floor-2-Wing-South-Line-4,471,500,B
Floor-3-Wing-South-Line-2,1785,2000,A
Floor-1-Wing-South-Line-1,1175,1500,A
Floor-4-Wing-South-Line-5,799,800,B
Floor-1-Wing-South-Line-1,701,800,B
Floor-4-Wing-North-Line-3,1307,1500,A
Floor-1-Wing-South-Line-4,767,800,B
Floor-5-Wing-North-Line-5,688,800,A
Floor-4-Wing-South-Line-1,507,500,B
Floor-2-Wing-North-Line-5,1416,1500,A
Floor-5-Wing-South-Line-5,1190,1200,B
Floor-3-Wing-South-Line-4,633,800,A
Floor-4-Wing-South-Line-2,482,500,C
Floor-4-Wing-North-Line-5,1107,1200,B
Floor-5-Wing-South-Line-4,1752,2000,B
Floor-5-Wing-South-Line-2,1092,1200,B
Floor-4-Wing-South-Line-4,999,1200,B
Floor-5-Wing-South-Line-2,503,500,B
Floor-3-Wing-South-Line-5,505,500,C
Floor-2-Wing-North-Line-2,792,800,A
Floor-1-Wing-South-Line-3,1454,1500,A
Floor-3-Wing-North-Line-1,742,800,A
Floor-3-Wing-North-Line-4,742,800,A
Floor-1-Wing-North-Line-5,408,500,C
Floor-4-Wing-South-Line-4,1194,1200,C
Floor-2-Wing-North-Line-1,480,500,A
Floor-1-Wing-North-Line-3,1524,1500,C
Floor-1-Wing-North-Line-3,1142,1200,A
Floor-5-Wing-North-Line-1,1640,2000,A
Floor-4-Wing-North-Line-5,423,500,C
Floor-2-Wing-South-Line-1,1066,1200,A
Floor-4-Wing-North-Line-3,475,500,B
Floor-3-Wing-North-Line-4,421,500,C
Floor-3-Wing-North-Line-3,1199,1200,C
Floor-2-Wing-South-Line-5,1036,1200,C
Floor-4-Wing-South-Line-1,469,500,C
Floor-5-Wing-South-Line-5,474,500,C
Floor-3-Wing-North-Line-3,808,800,C
Floor-5-Wing-South-Line-4,1944,2000,B
Floor-3-Wing-North-Line-1,1777,2000,C
Floor-5-Wing-South-Line-1,1220,1200,B
Floor-2-Wing-North-Line-5,638,800,A
Floor-5-Wing-North-Line-4,696,800,C
Floor-5-Wing-South-Line-3,1624,2000,C
Floor-2-Wing-North-Line-5,989,1200,B
Floor-3-Wing-North-Line-4,1597,2000,A
Floor-3-Wing-North-Line-2,719,800,C
Floor-5-Wing-North-Line-1,473,500,B
Floor-5-Wing-South-Line-4,1498,1500,A
Floor-3-Wing-North-Line-4,2027,2000,C
Floor-2-Wing-North-Line-4,1600,2000,A
Floor-1-Wing-South-Line-5,439,500,A
Floor-1-Wing-North-Line-3,1276,1500,A
Floor-5-Wing-South-Line-3,699,800,C
Floor-5-Wing-North-Line-2,1336,1500,B
Floor-3-Wing-North-Line-2,438,500,B
Floor-2-Wing-South-Line-4,725,800,C
Floor-5-Wing-South-Line-2,404,500,A
Floor-1-Wing-North-Line-5,490,500,A
Floor-3-Wing-North-Line-4,1371,1500,C
Floor-4-Wing-South-Line-5,1074,1200,A
Floor-1-Wing-North-Line-3,755,800,C
Floor-3-Wing-North-Line-3,988,1200,B
Floor-3-Wing-South-Line-5,1216,1200,B
Floor-5-Wing-North-Line-5,634,800,C
Floor-4-Wing-South-Line-4,810,800,B
Floor-5-Wing-South-Line-1,397,500,B
Floor-1-Wing-South-Line-1,1031,1200,B
Floor-1-Wing-South-Line-1,646,800,B
Floor-1-Wing-South-Line-1,794,800,C
Floor-1-Wing-South-Line-3,1176,1500,B
Floor-1-Wing-North-Line-5,1622,2000,C
Floor-5-Wing-South-Line-2,411,500,C
Floor-4-Wing-South-Line-3,1618,2000,A
Floor-5-Wing-North-Line-2,1494,1500,B
Floor-3-Wing-North-Line-3,490,500,C
Floor-4-Wing-South-Line-4,1118,1200,A
Floor-4-Wing-North-Line-5,773,800,C
Floor-1-Wing-South-Line-5,978,1200,A
Floor-4-Wing-South-Line-2,1609,2000,C
Floor-1-Wing-North-Line-3,704,800,C
Floor-5-Wing-North-Line-3,406,500,B
Floor-2-Wing-North-Line-4,1218,1200,A
Floor-2-Wing-North-Line-5,1780,2000,A
Floor-1-Wing-North-Line-5,1280,1500,B
Floor-3-Wing-South-Line-3,982,1200,A
Floor-1-Wing-North-Line-2,1185,1200,A
Floor-2-Wing-North-Line-3,1449,1500,B
Floor-3-Wing-South-Line-2,1497,1500,B
Floor-1-Wing-North-Line-2,729,800,B
Floor-5-Wing-South-Line-3,1844,2000,C
Floor-3-Wing-North-Line-5,497,500,A
Floor-2-Wing-South-Line-2,1866,2000,C
Floor-5-Wing-North-Line-1,1177,1200,B
Floor-3-Wing-South-Line-4,1966,2000,C
Floor-3-Wing-North-Line-2,1413,1500,A
Floor-2-Wing-South-Line-4,496,500,B
Floor-4-Wing-North-Line-5,773,800,A
Floor-2-Wing-South-Line-5,1012,1200,C
Floor-3-Wing-South-Line-3,1254,1500,A
Floor-3-Wing-North-Line-5,1191,1500,B
Floor-1-Wing-South-Line-5,757,800,B
Floor-2-Wing-South-Line-4,1161,1200,C
Floor-1-Wing-North-Line-2,693,800,A
Floor-1-Wing-North-Line-1,735,800,A
Floor-1-Wing-North-Line-4,971,1200,B
Floor-1-Wing-South-Line-5,502,500,A
Floor-5-Wing-South-Line-1,1044,1200,B
Floor-4-Wing-South-Line-3,751,800,B
Floor-4-Wing-South-Line-5,1183,1200,C
Floor-4-Wing-South-Line-3,1803,2000,B
Floor-2-Wing-South-Line-2,440,500,C
Floor-1-Wing-South-Line-5,631,800,B
Floor-3-Wing-North-Line-1,1027,1200,C
Floor-3-Wing-South-Line-5,405,500,C
Floor-2-Wing-North-Line-4,405,500,C
Floor-4-Wing-North-Line-3,448,500,B
Floor-1-Wing-South-Line-3,805,800,C
Floor-4-Wing-North-Line-3,440,500,C
Floor-2-Wing-South-Line-5,1919,2000,B
Floor-1-Wing-North-Line-5,1858,2000,A
Floor-4-Wing-South-Line-1,765,800,C
Floor-5-Wing-South-Line-2,1996,2000,C
Floor-5-Wing-North-Line-2,754,800,A
Floor-5-Wing-South-Line-4,1914,2000,B
Floor-5-Wing-South-Line-5,762,800,A
Floor-1-Wing-South-Line-2,959,1200,B
Floor-5-Wing-North-Line-5,1417,1500,C
Floor-3-Wing-South-Line-5,1777,2000,A
Floor-4-Wing-South-Line-4,1477,1500,B
Floor-1-Wing-South-Line-1,1299,1500,C
Floor-5-Wing-South-Line-3,1562,2000,B
Floor-1-Wing-North-Line-2,444,500,A
Floor-1-Wing-North-Line-4,1146,1200,B
Floor-5-Wing-North-Line-1,462,500,A
Floor-2-Wing-South-Line-1,1150,1200,A
Floor-2-Wing-North-Line-2,744,800,C
Floor-1-Wing-South-Line-2,978,1200,B
Floor-4-Wing-South-Line-3,1213,1200,A
Floor-5-Wing-South-Line-1,1799,2000,A
Floor-5-Wing-North-Line-3,1412,1500,B
Floor-3-Wing-North-Line-5,764,800,B
Floor-5-Wing-South-Line-1,1525,1500,C
Floor-4-Wing-North-Line-5,752,800,B
Floor-2-Wing-North-Line-2,421,500,C
Floor-3-Wing-North-Line-1,1203,1500,C
Floor-3-Wing-South-Line-5,420,500,B
Floor-4-Wing-North-Line-3,1455,1500,B
Floor-1-Wing-North-Line-1,1277,1500,C
Floor-5-Wing-North-Line-5,1299,1500,C
Floor-5-Wing-South-Line-5,1396,1500,C
Floor-2-Wing-North-Line-3,1209,1500,A
Floor-1-Wing-South-Line-5,1147,1200,A
Floor-2-Wing-South-Line-1,1322,1500,B
Floor-1-Wing-South-Line-3,1190,1200,B
Floor-4-Wing-South-Line-4,400,500,C
Floor-5-Wing-South-Line-4,1231,1500,B
Floor-2-Wing-North-Line-5,436,500,B
Floor-3-Wing-South-Line-3,1066,1200,B
Floor-3-Wing-South-Line-1,502,500,B
Floor-1-Wing-North-Line-5,1529,1500,A
Floor-5-Wing-South-Line-2,810,800,A
Floor-4-Wing-South-Line-5,794,800,A
Floor-4-Wing-South-Line-4,433,500,C
Floor-3-Wing-North-Line-4,464,500,A
Floor-2-Wing-North-Line-3,2028,2000,B
Floor-4-Wing-South-Line-1,1091,1200,C
Floor-3-Wing-South-Line-2,489,500,B
Floor-2-Wing-South-Line-4,1328,1500,A
Floor-4-Wing-South-Line-3,1335,1500,B
Floor-4-Wing-South-Line-1,980,1200,C
Floor-1-Wing-South-Line-5,1190,1500,A
Floor-2-Wing-South-Line-4,728,800,B
Floor-2-Wing-South-Line-2,1041,1200,B
Floor-5-Wing-South-Line-2,1130,1200,C
Floor-1-Wing-North-Line-4,1130,1200,B
Floor-5-Wing-North-Line-3,765,800,B
Floor-2-Wing-North-Line-1,632,800,C
Floor-4-Wing-North-Line-1,1004,1200,A
Floor-4-Wing-North-Line-2,700,800,C
Floor-1-Wing-South-Line-3,1937,2000,B
Floor-3-Wing-South-Line-5,1524,1500,A
Floor-1-Wing-South-Line-5,421,500,C
Floor-2-Wing-South-Line-3,1579,2000,A
Floor-1-Wing-South-Line-2,397,500,C
Floor-1-Wing-North-Line-2,1208,1200,C
Floor-4-Wing-South-Line-5,1240,1500,C
Floor-3-Wing-North-Line-2,785,800,B
Floor-5-Wing-South-Line-1,759,800,C
Floor-3-Wing-South-Line-1,972,1200,C
Floor-5-Wing-South-Line-1,964,1200,A
Floor-1-Wing-South-Line-1,2015,2000,A
Floor-5-Wing-South-Line-1,800,800,C
Floor-5-Wing-North-Line-1,663,800,B
Floor-1-Wing-South-Line-4,410,500,B
Floor-3-Wing-North-Line-5,1866,2000,A
Floor-3-Wing-North-Line-1,1972,2000,B
Floor-2-Wing-North-Line-4,700,800,A
Floor-4-Wing-North-Line-1,1066,1200,B
Floor-4-Wing-North-Line-3,973,1200,A
Floor-3-Wing-North-Line-4,1710,2000,A
Floor-4-Wing-North-Line-5,1463,1500,B
Floor-2-Wing-North-Line-2,1342,1500,B
Floor-5-Wing-North-Line-4,1711,2000,C
Floor-3-Wing-South-Line-2,415,500,B
Floor-3-Wing-South-Line-5,971,1200,A
Floor-1-Wing-North-Line-2,1607,2000,C
Floor-2-Wing-North-Line-5,1208,1200,A
Floor-5-Wing-North-Line-3,1211,1200,C
Floor-5-Wing-South-Line-3,1596,2000,A
Floor-5-Wing-North-Line-3,2030,2000,C
Floor-3-Wing-South-Line-2,1226,1500,C
Floor-2-Wing-North-Line-4,1079,1200,A
Floor-5-Wing-North-Line-3,1773,2000,B
Floor-4-Wing-South-Line-3,472,500,A
Floor-3-Wing-North-Line-1,409,500,B
Floor-5-Wing-South-Line-1,1426,1500,A
Floor-1-Wing-North-Line-1,1065,1200,A
Floor-3-Wing-North-Line-4,425,500,A
Floor-3-Wing-South-Line-1,987,1200,B
Floor-4-Wing-North-Line-2,806,800,A
Floor-2-Wing-South-Line-4,464,500,A
Floor-2-Wing-North-Line-1,390,500,C
Floor-3-Wing-South-Line-4,1386,1500,A
Floor-3-Wing-South-Line-2,508,500,A
Floor-2-Wing-North-Line-3,1766,2000,A
Floor-2-Wing-North-Line-1,1177,1200,B
Floor-5-Wing-South-Line-5,1596,2000,C
Floor-2-Wing-South-Line-5,1221,1200,B
Floor-3-Wing-North-Line-4,1685,2000,A
Floor-4-Wing-South-Line-5,1871,2000,A
Floor-1-Wing-North-Line-2,650,800,C
Floor-1-Wing-South-Line-3,1608,2000,A
Floor-1-Wing-South-Line-1,721,800,A
Floor-4-Wing-North-Line-1,402,500,B
Floor-5-Wing-South-Line-5,796,800,C
Floor-4-Wing-North-Line-1,509,500,A
Floor-3-Wing-South-Line-2,1136,1200,A
Floor-2-Wing-North-Line-1,1853,2000,C
Floor-4-Wing-South-Line-3,762,800,A
Floor-3-Wing-South-Line-3,704,800,C
Floor-2-Wing-North-Line-3,460,500,C
Floor-1-Wing-North-Line-1,2019,2000,C
Floor-4-Wing-North-Line-5,1436,1500,C
Floor-1-Wing-North-Line-4,1173,1200,C
Floor-3-Wing-South-Line-5,414,500,C
Floor-4-Wing-South-Line-5,475,500,C
Floor-2-Wing-North-Line-4,434,500,A
Floor-3-Wing-South-Line-2,1433,1500,A
Floor-2-Wing-North-Line-1,391,500,C
Floor-2-Wing-South-Line-4,1169,1200,C
Floor-3-Wing-North-Line-3,1239,1500,A
Floor-2-Wing-South-Line-4,1592,2000,B
Floor-5-Wing-South-Line-3,441,500,B
Floor-5-Wing-North-Line-1,1115,1200,A
Floor-1-Wing-South-Line-4,1053,1200,A
Floor-1-Wing-South-Line-3,940,1200,B
Floor-1-Wing-North-Line-5,1041,1200,B
Floor-5-Wing-North-Line-5,728,800,A
Floor-5-Wing-South-Line-1,1459,1500,A
Floor-3-Wing-North-Line-2,769,800,A
Floor-2-Wing-South-Line-5,460,500,B
Floor-1-Wing-South-Line-3,1125,1200,A
Floor-3-Wing-North-Line-5,462,500,C
Floor-4-Wing-North-Line-2,1527,1500,C
Floor-5-Wing-South-Line-5,1458,1500,C
Floor-3-Wing-North-Line-4,1191,1500,A
Floor-3-Wing-North-Line-2,452,500,C
Floor-1-Wing-South-Line-1,2000,2000,B
Floor-4-Wing-North-Line-1,433,500,A
Floor-3-Wing-North-Line-4,703,800,B
Floor-3-Wing-North-Line-5,1843,2000,A
Floor-3-Wing-South-Line-2,1313,1500,A
Floor-1-Wing-North-Line-2,1267,1500,C
Floor-4-Wing-North-Line-1,1108,1200,C
Floor-2-Wing-South-Line-1,464,500,A
Floor-2-Wing-North-Line-4,447,500,A
Floor-5-Wing-North-Line-4,1515,1500,B
Floor-4-Wing-North-Line-2,976,1200,B
Floor-4-Wing-South-Line-4,998,1200,B
Floor-2-Wing-South-Line-5,1220,1500,A
Floor-2-Wing-South-Line-5,1470,1500,C
Floor-4-Wing-South-Line-4,689,800,A
Floor-1-Wing-North-Line-1,1181,1200,C
Floor-1-Wing-South-Line-2,1448,1500,C
Floor-3-Wing-South-Line-3,1859,2000,C
Floor-5-Wing-South-Line-5,1471,1500,C
Floor-3-Wing-North-Line-2,399,500,A
Floor-2-Wing-North-Line-3,1107,1200,A
Floor-1-Wing-South-Line-5,1160,1200,C
Floor-3-Wing-South-Line-1,774,800,C
Floor-4-Wing-South-Line-1,1634,2000,A
Floor-4-Wing-South-Line-1,709,800,A
Floor-5-Wing-North-Line-5,950,1200,B
Floor-1-Wing-North-Line-4,1219,1500,C
Floor-1-Wing-South-Line-3,1644,2000,B
Floor-5-Wing-South-Line-2,1754,2000,C
Floor-2-Wing-South-Line-4,663,800,C
Floor-1-Wing-South-Line-4,1237,1500,C
Floor-4-Wing-South-Line-3,1205,1500,C
Floor-4-Wing-North-Line-5,1218,1200,C
Floor-1-Wing-North-Line-4,803,800,A
Floor-4-Wing-North-Line-4,1762,2000,B
Floor-1-Wing-South-Line-3,739,800,B
Floor-3-Wing-South-Line-2,1471,1500,C
Floor-5-Wing-South-Line-4,1454,1500,B
Floor-1-Wing-South-Line-5,444,500,B
Floor-2-Wing-South-Line-2,702,800,C
Floor-1-Wing-North-Line-3,720,800,C
Floor-1-Wing-South-Line-5,1109,1200,B
Floor-5-Wing-North-Line-3,414,500,C
Floor-3-Wing-North-Line-2,1519,1500,B
Floor-2-Wing-South-Line-2,458,500,A
Floor-5-Wing-North-Line-1,1423,1500,A
Floor-1-Wing-North-Line-1,1186,1200,C
Floor-3-Wing-North-Line-4,1698,2000,B
Floor-2-Wing-North-Line-1,1281,1500,A
Floor-1-Wing-North-Line-1,500,500,A
Floor-3-Wing-South-Line-4,1858,2000,C
Floor-4-Wing-South-Line-2,1740,2000,B
Floor-2-Wing-South-Line-2,1859,2000,A
Floor-2-Wing-North-Line-5,413,500,B
Floor-4-Wing-South-Line-5,1134,1200,B
Floor-4-Wing-North-Line-5,772,800,A
Floor-4-Wing-North-Line-2,1056,1200,B
Floor-4-Wing-South-Line-3,460,500,C
Floor-1-Wing-North-Line-1,742,800,C
Floor-3-Wing-North-Line-1,1353,1500,B
Floor-4-Wing-South-Line-2,1468,1500,C
Floor-1-Wing-North-Line-5,728,800,A
Floor-4-Wing-South-Line-3,641,800,A
Floor-4-Wing-North-Line-4,490,500,B
Floor-4-Wing-North-Line-5,430,500,A
Floor-1-Wing-South-Line-5,1153,1200,C
Floor-4-Wing-North-Line-2,1351,1500,C
Floor-5-Wing-South-Line-3,639,800,A
Floor-1-Wing-South-Line-4,1169,1200,C
Floor-2-Wing-North-Line-3,418,500,A
Floor-4-Wing-North-Line-2,1675,2000,A
Floor-2-Wing-South-Line-1,393,500,A
Floor-3-Wing-South-Line-3,717,800,C
Floor-4-Wing-South-Line-1,689,800,B
Floor-3-Wing-South-Line-2,469,500,C
Floor-5-Wing-South-Line-3,1223,1200,A
Floor-3-Wing-South-Line-5,1457,1500,A
Floor-1-Wing-South-Line-5,1948,2000,C
Floor-4-Wing-North-Line-1,1913,2000,C
Floor-1-Wing-South-Line-2,764,800,A
Floor-1-Wing-North-Line-4,394,500,C
Floor-3-Wing-South-Line-1,788,800,B
Floor-1-Wing-South-Line-4,1777,2000,C
Floor-3-Wing-South-Line-1,1697,2000,B
Floor-2-Wing-South-Line-1,1354,1500,B
Floor-5-Wing-North-Line-5,427,500,C
Floor-5-Wing-South-Line-4,1895,2000,B
Floor-3-Wing-North-Line-4,1427,1500,A
Floor-2-Wing-South-Line-3,1212,1200,B
Floor-2-Wing-North-Line-5,793,800,B
Floor-1-Wing-South-Line-4,719,800,B
Floor-4-Wing-South-Line-3,990,1200,C
Floor-1-Wing-South-Line-4,770,800,B
Floor-5-Wing-South-Line-3,1947,2000,B
Floor-1-Wing-North-Line-2,1228,1500,C
Floor-4-Wing-South-Line-3,951,1200,C
Floor-4-Wing-South-Line-1,480,500,C
Floor-4-Wing-North-Line-2,1521,1500,A
Floor-5-Wing-South-Line-5,1127,1200,B
Floor-4-Wing-South-Line-3,1718,2000,C
Floor-4-Wing-South-Line-4,1528,1500,A
Floor-1-Wing-South-Line-5,417,500,A
Floor-4-Wing-North-Line-2,753,800,C
Floor-2-Wing-North-Line-3,1069,1200,A
Floor-5-Wing-South-Line-3,1119,1200,C
Floor-3-Wing-South-Line-4,703,800,C
Floor-3-Wing-North-Line-2,1672,2000,A
Floor-5-Wing-South-Line-5,1122,1200,A
Floor-3-Wing-South-Line-5,1675,2000,A
Floor-3-Wing-North-Line-1,742,800,A
Floor-3-Wing-South-Line-2,751,800,B
Floor-4-Wing-South-Line-2,656,800,C
Floor-3-Wing-North-Line-1,1212,1500,A
Floor-2-Wing-South-Line-5,1898,2000,A
Floor-5-Wing-South-Line-3,1377,1500,A
Floor-5-Wing-South-Line-2,776,800,B
Floor-5-Wing-North-Line-2,644,800,C
Floor-2-Wing-South-Line-2,1734,2000,C
Floor-3-Wing-North-Line-2,661,800,C
Floor-1-Wing-North-Line-4,1811,2000,A
Floor-1-Wing-South-Line-4,763,800,C
Floor-3-Wing-North-Line-3,1573,2000,B
Floor-2-Wing-North-Line-1,502,500,C
Floor-5-Wing-North-Line-5,682,800,C
Floor-2-Wing-North-Line-1,1509,1500,C
Floor-5-Wing-North-Line-1,1877,2000,B
Floor-1-Wing-North-Line-3,1170,1500,C
Floor-4-Wing-North-Line-3,1691,2000,B
Floor-4-Wing-South-Line-3,1435,1500,C
Floor-3-Wing-South-Line-4,1172,1200,C
Floor-5-Wing-North-Line-2,947,1200,C
Floor-2-Wing-South-Line-1,1412,1500,B
Floor-1-Wing-South-Line-3,1627,2000,A
Floor-4-Wing-South-Line-2,748,800,B
Floor-3-Wing-North-Line-5,1202,1200,C
Floor-3-Wing-South-Line-1,430,500,A
Floor-4-Wing-South-Line-5,797,800,A
Floor-4-Wing-North-Line-3,1006,1200,B
Floor-5-Wing-North-Line-1,1222,1200,C
Floor-1-Wing-South-Line-3,1949,2000,B
Floor-5-Wing-North-Line-2,1044,1200,B
Floor-3-Wing-South-Line-3,655,800,A
Floor-1-Wing-South-Line-2,1333,1500,C
Floor-2-Wing-North-Line-5,1176,1500,C
Floor-2-Wing-North-Line-3,1610,2000,C
Floor-1-Wing-South-Line-3,2032,2000,A
Floor-3-Wing-North-Line-3,1124,1200,C
Floor-2-Wing-South-Line-5,1906,2000,B
Floor-5-Wing-North-Line-2,459,500,B
Floor-2-Wing-North-Line-2,1905,2000,B
Floor-3-Wing-North-Line-1,997,1200,A
Floor-3-Wing-South-Line-4,390,500,C
Floor-1-Wing-North-Line-2,659,800,A
Floor-3-Wing-North-Line-4,768,800,C
Floor-3-Wing-North-Line-4,693,800,A
Floor-1-Wing-North-Line-2,693,800,A
Floor-2-Wing-North-Line-4,754,800,B
Floor-1-Wing-North-Line-2,958,1200,C
Floor-2-Wing-South-Line-1,1317,1500,C
Floor-1-Wing-South-Line-4,972,1200,B
Floor-1-Wing-South-Line-4,1172,1200,C
Floor-3-Wing-North-Line-4,397,500,A
Floor-1-Wing-South-Line-1,1348,1500,B
Floor-1-Wing-North-Line-3,1324,1500,B
Floor-5-Wing-South-Line-3,1214,1200,A
Floor-3-Wing-North-Line-2,1142,1200,B
Floor-3-Wing-South-Line-5,697,800,B
Floor-2-Wing-North-Line-4,722,800,C
Floor-3-Wing-North-Line-5,391,500,B
Floor-4-Wing-North-Line-1,1847,2000,A
Floor-1-Wing-North-Line-1,662,800,C
Floor-2-Wing-North-Line-1,403,500,C
Floor-3-Wing-South-Line-1,1303,1500,A
Floor-3-Wing-North-Line-2,720,800,A
Floor-5-Wing-North-Line-4,1149,1200,A
Floor-1-Wing-South-Line-2,722,800,B
Floor-4-Wing-South-Line-4,802,800,C
Floor-1-Wing-North-Line-4,493,500,A
Floor-3-Wing-North-Line-3,1463,1500,B
Floor-3-Wing-North-Line-4,458,500,B
Floor-3-Wing-South-Line-1,792,800,C
Floor-2-Wing-North-Line-4,1320,1500,A
Floor-5-Wing-North-Line-1,1262,1500,B
Floor-2-Wing-South-Line-5,1679,2000,C
Floor-3-Wing-North-Line-4,1373,1500,A
Floor-4-Wing-South-Line-5,1289,1500,A
Floor-4-Wing-South-Line-1,1966,2000,A
Floor-3-Wing-South-Line-2,1041,1200,A
Floor-2-Wing-North-Line-5,1909,2000,A
Floor-2-Wing-South-Line-3,463,500,B
Floor-2-Wing-North-Line-5,1228,1500,B
Floor-5-Wing-North-Line-5,1566,2000,B
Floor-4-Wing-South-Line-4,781,800,A
Floor-4-Wing-North-Line-3,1369,1500,C
Floor-5-Wing-North-Line-2,1382,1500,A
Floor-5-Wing-North-Line-5,486,500,B
Floor-5-Wing-North-Line-1,492,500,A
Floor-3-Wing-South-Line-5,974,1200,A
Floor-3-Wing-North-Line-3,430,500,C
Floor-2-Wing-North-Line-2,1393,1500,B
Floor-1-Wing-North-Line-5,437,500,C
Floor-2-Wing-North-Line-2,1104,1200,A
Floor-3-Wing-South-Line-4,671,800,A
Floor-4-Wing-South-Line-2,458,500,A
Floor-4-Wing-North-Line-2,1612,2000,C
Floor-1-Wing-South-Line-3,1786,2000,B
Floor-5-Wing-South-Line-3,1315,1500,B
Floor-1-Wing-South-Line-4,782,800,C
Floor-5-Wing-North-Line-2,732,800,B
Floor-5-Wing-South-Line-5,1407,1500,A
Floor-3-Wing-North-Line-2,992,1200,A
Floor-2-Wing-South-Line-3,679,800,B
Floor-4-Wing-South-Line-2,404,500,C
Floor-2-Wing-South-Line-4,1039,1200,C
Floor-3-Wing-North-Line-1,418,500,A
Floor-5-Wing-South-Line-1,451,500,B
Floor-5-Wing-South-Line-4,1301,1500,A
Floor-4-Wing-North-Line-1,799,800,A
Floor-5-Wing-South-Line-1,503,500,B
Floor-2-Wing-South-Line-3,1468,1500,C
Floor-4-Wing-North-Line-2,629,800,C
Floor-1-Wing-North-Line-4,507,500,A
Floor-4-Wing-South-Line-2,962,1200,B
Floor-5-Wing-South-Line-5,644,800,B
Floor-2-Wing-South-Line-3,1240,1500,B
Floor-3-Wing-South-Line-4,1065,1200,C
Floor-2-Wing-South-Line-4,991,1200,A
Floor-5-Wing-North-Line-3,1313,1500,A
Floor-5-Wing-South-Line-5,1353,1500,B
Floor-4-Wing-South-Line-4,1665,2000,B
Floor-2-Wing-South-Line-5,1244,1500,A
Floor-5-Wing-South-Line-1,705,800,B
Floor-2-Wing-South-Line-2,703,800,B
Floor-5-Wing-North-Line-4,1105,1200,B
Floor-3-Wing-South-Line-1,1108,1200,A
Floor-4-Wing-South-Line-2,1187,1500,A
Floor-3-Wing-South-Line-5,1207,1500,B
Floor-4-Wing-South-Line-3,644,800,C
Floor-1-Wing-South-Line-4,424,500,B
Floor-3-Wing-South-Line-4,1660,2000,A
Floor-3-Wing-South-Line-5,746,800,B
Floor-2-Wing-North-Line-5,508,500,B
Floor-3-Wing-North-Line-1,637,800,B
Floor-3-Wing-South-Line-1,730,800,B
Floor-2-Wing-North-Line-4,415,500,C
Floor-4-Wing-South-Line-5,1335,1500,A
Floor-4-Wing-South-Line-5,503,500,A
Floor-1-Wing-North-Line-1,501,500,B
Floor-4-Wing-North-Line-5,694,800,B
Floor-3-Wing-North-Line-4,503,500,B
Floor-1-Wing-North-Line-4,1311,1500,C
Floor-4-Wing-South-Line-4,1416,1500,B
Floor-2-Wing-South-Line-4,738,800,B
Floor-2-Wing-North-Line-3,746,800,C
Floor-1-Wing-South-Line-4,1884,2000,A
Floor-1-Wing-South-Line-5,1965,2000,B
Floor-4-Wing-South-Line-2,632,800,C
Floor-5-Wing-North-Line-1,1242,1500,C
Floor-4-Wing-North-Line-1,425,500,B
Floor-1-Wing-North-Line-1,667,800,A
Floor-3-Wing-South-Line-5,1174,1500,C
Floor-3-Wing-South-Line-4,990,1200,A
Floor-2-Wing-North-Line-4,1620,2000,B
Floor-2-Wing-South-Line-1,1191,1200,A
Floor-5-Wing-North-Line-2,1021,1200,B
Floor-5-Wing-North-Line-3,1149,1200,C
Floor-1-Wing-North-Line-1,1061,1200,C
Floor-1-Wing-North-Line-1,1422,1500,B
Floor-5-Wing-North-Line-5,497,500,C
Floor-3-Wing-North-Line-3,806,800,A
Floor-3-Wing-South-Line-4,637,800,A
Floor-4-Wing-North-Line-5,771,800,B
Floor-1-Wing-North-Line-1,1177,1200,A
Floor-5-Wing-South-Line-4,2022,2000,A
Floor-3-Wing-North-Line-3,1090,1200,C
Floor-2-Wing-North-Line-1,1322,1500,A
Floor-1-Wing-North-Line-1,720,800,A
Floor-3-Wing-North-Line-2,1978,2000,B
Floor-3-Wing-North-Line-1,486,500,B
Floor-4-Wing-North-Line-1,1961,2000,C
Floor-4-Wing-North-Line-2,1722,2000,B
Floor-3-Wing-North-Line-4,1727,2000,C
Floor-4-Wing-South-Line-2,1508,1500,A
Floor-3-Wing-North-Line-4,1142,1200,C
Floor-3-Wing-North-Line-1,1188,1200,A
Floor-5-Wing-South-Line-4,747,800,B
Floor-3-Wing-South-Line-1,1486,1500,A
Floor-4-Wing-North-Line-3,499,500,A
Floor-2-Wing-South-Line-2,1025,1200,B
Floor-1-Wing-South-Line-4,1743,2000,A
Floor-4-Wing-North-Line-2,2018,2000,B
Floor-3-Wing-South-Line-5,719,800,A
Floor-2-Wing-South-Line-2,426,500,B
Floor-5-Wing-North-Line-2,1990,2000,A
Floor-3-Wing-South-Line-4,706,800,B
Floor-2-Wing-North-Line-4,1183,1200,C
Floor-5-Wing-South-Line-1,1975,2000,C
Floor-3-Wing-South-Line-5,1174,1500,A
Floor-3-Wing-North-Line-3,397,500,C
Floor-1-Wing-North-Line-2,2028,2000,A
Floor-1-Wing-North-Line-5,1411,1500,B
Floor-5-Wing-North-Line-1,1509,1500,B
Floor-2-Wing-South-Line-1,1313,1500,B
Floor-4-Wing-North-Line-3,1342,1500,A
Floor-1-Wing-South-Line-3,1862,2000,A
Floor-5-Wing-North-Line-4,682,800,C
Floor-1-Wing-South-Line-4,496,500,B
Floor-2-Wing-South-Line-5,457,500,B
Floor-3-Wing-South-Line-5,2000,2000,C
Floor-5-Wing-North-Line-2,1380,1500,B
Floor-5-Wing-South-Line-3,2015,2000,C
Floor-3-Wing-South-Line-1,1217,1200,C
Floor-2-Wing-South-Line-4,418,500,C
Floor-2-Wing-South-Line-5,763,800,A
Floor-2-Wing-South-Line-5,449,500,C
Floor-3-Wing-South-Line-3,2016,2000,A
Floor-2-Wing-South-Line-1,474,500,B
Floor-2-Wing-North-Line-3,1135,1200,C
Floor-2-Wing-South-Line-1,1694,2000,B
Floor-1-Wing-South-Line-4,1091,1200,A
Floor-2-Wing-South-Line-2,785,800,C
Floor-4-Wing-South-Line-2,699,800,B
Floor-4-Wing-North-Line-5,941,1200,B
Floor-4-Wing-South-Line-1,1840,2000,A
Floor-1-Wing-South-Line-5,1528,1500,B
Floor-5-Wing-South-Line-4,2039,2000,C
Floor-3-Wing-South-Line-1,405,500,C
Floor-5-Wing-South-Line-3,953,1200,C
Floor-5-Wing-North-Line-4,732,800,B
Floor-4-Wing-North-Line-1,1181,1500,C
Floor-2-Wing-North-Line-1,1770,2000,B
Floor-4-Wing-North-Line-1,1145,1200,B
Floor-5-Wing-North-Line-4,1257,1500,C
Floor-2-Wing-North-Line-5,1028,1200,B
Floor-4-Wing-North-Line-5,1729,2000,B
Floor-5-Wing-South-Line-1,1508,1500,B
Floor-5-Wing-South-Line-2,1765,2000,B
Floor-1-Wing-North-Line-2,638,800,A
Floor-3-Wing-South-Line-2,1465,1500,C
Floor-4-Wing-North-Line-4,720,800,B
Floor-3-Wing-North-Line-3,1869,2000,A
Floor-4-Wing-South-Line-1,1724,2000,C
Floor-4-Wing-North-Line-4,739,800,C
Floor-4-Wing-South-Line-4,1389,1500,A
Floor-3-Wing-South-Line-5,484,500,A
Floor-2-Wing-North-Line-1,447,500,B
Floor-2-Wing-South-Line-1,1135,1200,B
Floor-4-Wing-South-Line-2,976,1200,C
Floor-4-Wing-South-Line-4,1238,1500,A
Floor-1-Wing-North-Line-5,1238,1500,B
Floor-2-Wing-North-Line-1,477,500,B
Floor-4-Wing-South-Line-2,640,800,B
Floor-1-Wing-South-Line-4,1076,1200,C
Floor-1-Wing-South-Line-4,411,500,B
Floor-1-Wing-North-Line-3,945,1200,B
Floor-3-Wing-South-Line-5,712,800,A
Floor-5-Wing-South-Line-2,491,500,B
Floor-4-Wing-North-Line-1,1524,1500,B
Floor-2-Wing-South-Line-3,778,800,C
Floor-1-Wing-South-Line-5,448,500,C
Floor-1-Wing-South-Line-1,443,500,B
Floor-1-Wing-South-Line-2,1078,1200,C
Floor-4-Wing-North-Line-1,1750,2000,A
Floor-5-Wing-South-Line-5,1502,1500,A
Floor-4-Wing-North-Line-4,501,500,A
Floor-2-Wing-North-Line-4,1742,2000,B
Floor-2-Wing-South-Line-4,1144,1200,C
Floor-5-Wing-South-Line-2,1021,1200,A
Floor-5-Wing-North-Line-1,705,800,A
Floor-4-Wing-South-Line-3,626,800,B
Floor-5-Wing-South-Line-5,476,500,A
Floor-5-Wing-South-Line-5,1832,2000,C
Floor-1-Wing-South-Line-1,972,1200,C
Floor-5-Wing-South-Line-5,462,500,B
Floor-4-Wing-South-Line-5,684,800,C
Floor-3-Wing-South-Line-5,792,800,C
Floor-3-Wing-North-Line-3,645,800,A
Floor-3-Wing-North-Line-4,394,500,C
Floor-1-Wing-South-Line-1,760,800,A
Floor-1-Wing-North-Line-4,1298,1500,B
Floor-4-Wing-North-Line-1,989,1200,A
Floor-3-Wing-North-Line-1,764,800,B
Floor-2-Wing-North-Line-4,1206,1200,A
Floor-5-Wing-North-Line-4,1345,1500,A
Floor-3-Wing-South-Line-4,956,1200,B
Floor-5-Wing-South-Line-4,798,800,B
Floor-5-Wing-North-Line-4,991,1200,B
Floor-5-Wing-South-Line-1,415,500,A
Floor-3-Wing-North-Line-4,1367,1500,B
Floor-2-Wing-South-Line-4,1482,1500,B
Floor-1-Wing-South-Line-2,413,500,A
Floor-1-Wing-North-Line-1,1252,1500,B
Floor-1-Wing-North-Line-4,1505,1500,B
Floor-2-Wing-North-Line-3,1000,1200,A
Floor-4-Wing-South-Line-2,1969,2000,C
Floor-3-Wing-South-Line-2,1500,1500,B
Floor-3-Wing-South-Line-3,1046,1200,B
Floor-2-Wing-North-Line-3,447,500,B
Floor-5-Wing-North-Line-5,990,1200,B
Floor-5-Wing-North-Line-1,717,800,B
Floor-4-Wing-South-Line-5,394,500,B
Floor-2-Wing-North-Line-1,478,500,B
Floor-3-Wing-South-Line-3,1240,1500,C
Floor-5-Wing-North-Line-3,1490,1500,C
Floor-1-Wing-South-Line-2,443,500,A
Floor-4-Wing-North-Line-5,1362,1500,A
Floor-2-Wing-South-Line-5,1740,2000,B
Floor-3-Wing-South-Line-5,725,800,B
Floor-4-Wing-North-Line-2,1681,2000,A
Floor-3-Wing-North-Line-4,1418,1500,A
Floor-5-Wing-South-Line-5,647,800,A
Floor-4-Wing-North-Line-1,1580,2000,A
Floor-2-Wing-South-Line-4,1318,1500,C
Floor-5-Wing-North-Line-3,2018,2000,C
Floor-2-Wing-South-Line-2,1491,1500,A
Floor-2-Wing-North-Line-4,1636,2000,C
Floor-1-Wing-North-Line-1,705,800,B
Floor-3-Wing-North-Line-2,1352,1500,A
Floor-1-Wing-North-Line-3,505,500,B
Floor-1-Wing-South-Line-1,1391,1500,A
Floor-3-Wing-North-Line-5,471,500,A
Floor-5-Wing-North-Line-5,1823,2000,A
Floor-4-Wing-North-Line-2,1263,1500,B
Floor-3-Wing-South-Line-4,1052,1200,C
Floor-3-Wing-North-Line-4,2019,2000,B
Floor-3-Wing-North-Line-5,1343,1500,C
Floor-3-Wing-South-Line-1,407,500,C
Floor-2-Wing-South-Line-2,1059,1200,B
Floor-3-Wing-South-Line-2,804,800,B
Floor-4-Wing-North-Line-3,425,500,B
Floor-1-Wing-South-Line-2,1091,1200,C
Floor-3-Wing-South-Line-2,1848,2000,C
Floor-4-Wing-North-Line-1,1185,1500,C
Floor-2-Wing-North-Line-2,1578,2000,A
Floor-4-Wing-North-Line-1,1177,1500,B
Floor-5-Wing-North-Line-4,487,500,A
Floor-1-Wing-South-Line-4,1032,1200,C
Floor-1-Wing-South-Line-1,1047,1200,A
Floor-4-Wing-South-Line-2,469,500,A
Floor-4-Wing-North-Line-3,693,800,C
Floor-4-Wing-South-Line-5,1571,2000,A
Floor-1-Wing-North-Line-2,419,500,A
Floor-2-Wing-North-Line-3,1095,1200,B
Floor-2-Wing-North-Line-2,498,500,C
Floor-1-Wing-North-Line-2,1898,2000,A
Floor-4-Wing-South-Line-4,1524,1500,A
Floor-4-Wing-North-Line-4,440,500,B
Floor-3-Wing-North-Line-3,451,500,A
Floor-4-Wing-North-Line-4,491,500,B
Floor-1-Wing-North-Line-5,1025,1200,A
Floor-5-Wing-North-Line-3,1020,1200,B
Floor-2-Wing-North-Line-2,446,500,B
Floor-1-Wing-North-Line-2,1779,2000,C
Floor-2-Wing-South-Line-5,1713,2000,A
Floor-4-Wing-South-Line-2,1103,1200,C
Floor-3-Wing-South-Line-2,1613,2000,A
Floor-2-Wing-South-Line-2,1666,2000,B
Floor-3-Wing-South-Line-5,406,500,C
Floor-2-Wing-North-Line-4,1182,1200,A
Floor-4-Wing-North-Line-2,1188,1200,A
Floor-1-Wing-South-Line-5,1770,2000,B
Floor-4-Wing-South-Line-1,1861,2000,C
Floor-5-Wing-South-Line-1,1403,1500,A
Floor-2-Wing-North-Line-4,504,500,B
Floor-1-Wing-North-Line-1,451,500,C
Floor-2-Wing-North-Line-3,767,800,A
Floor-2-Wing-South-Line-1,1859,2000,B
Floor-1-Wing-North-Line-2,1401,1500,C
Floor-1-Wing-South-Line-2,1055,1200,A
Floor-1-Wing-North-Line-4,1219,1200,B
Floor-2-Wing-South-Line-2,1517,1500,C
Floor-5-Wing-North-Line-4,1859,2000,A
Floor-1-Wing-North-Line-5,1778,2000,B
Floor-4-Wing-South-Line-4,495,500,A
Floor-2-Wing-South-Line-5,738,800,C
Floor-3-Wing-North-Line-3,648,800,C
Floor-1-Wing-South-Line-1,635,800,B
Floor-2-Wing-North-Line-3,673,800,C
Floor-3-Wing-South-Line-1,1131,1200,A
Floor-2-Wing-North-Line-2,956,1200,A
Floor-4-Wing-North-Line-4,992,1200,A
Floor-1-Wing-North-Line-1,1445,1500,B
Floor-1-Wing-South-Line-5,1121,1200,B
Floor-4-Wing-North-Line-1,958,1200,C
Floor-5-Wing-North-Line-5,1061,1200,A
Floor-1-Wing-South-Line-1,659,800,A
Floor-1-Wing-South-Line-5,1663,2000,C
Floor-3-Wing-North-Line-4,765,800,B
Floor-4-Wing-North-Line-5,1209,1200,B
Floor-4-Wing-South-Line-1,1671,2000,C
Floor-2-Wing-North-Line-4,449,500,B
Floor-3-Wing-South-Line-1,1342,1500,C
Floor-2-Wing-North-Line-4,671,800,A
Floor-5-Wing-South-Line-3,395,500,A
Floor-2-Wing-North-Line-5,433,500,B
Floor-4-Wing-North-Line-4,1913,2000,B
Floor-3-Wing-North-Line-1,446,500,B
Floor-1-Wing-North-Line-3,681,800,A
Floor-4-Wing-North-Line-5,1710,2000,C
Floor-5-Wing-South-Line-4,490,500,C
Floor-2-Wing-North-Line-4,1117,1200,A
Floor-5-Wing-South-Line-4,965,1200,B
Floor-2-Wing-North-Line-3,1921,2000,B
Floor-1-Wing-North-Line-4,969,1200,B
Floor-1-Wing-North-Line-5,1132,1200,B
Floor-3-Wing-North-Line-2,649,800,C
Floor-2-Wing-North-Line-1,480,500,A
Floor-4-Wing-North-Line-2,1055,1200,C
Floor-3-Wing-North-Line-5,628,800,A
Floor-5-Wing-South-Line-1,1679,2000,A
Floor-5-Wing-North-Line-2,1059,1200,C
Floor-2-Wing-North-Line-5,448,500,C
Floor-4-Wing-South-Line-3,789,800,A
Floor-1-Wing-South-Line-3,1646,2000,A
Floor-4-Wing-South-Line-2,724,800,C
Floor-3-Wing-North-Line-5,1756,2000,A
Floor-2-Wing-South-Line-3,704,800,B
Floor-1-Wing-South-Line-2,1300,1500,A
Floor-1-Wing-North-Line-4,704,800,C
Floor-5-Wing-South-Line-4,679,800,C
Floor-2-Wing-North-Line-2,1909,2000,B
Floor-1-Wing-North-Line-1,644,800,C
Floor-4-Wing-South-Line-3,1400,1500,B
Floor-5-Wing-South-Line-5,1316,1500,C
Floor-3-Wing-North-Line-4,1036,1200,C
Floor-4-Wing-South-Line-1,946,1200,B
Floor-2-Wing-South-Line-3,474,500,A
Floor-3-Wing-South-Line-1,409,500,A
Floor-3-Wing-South-Line-1,1109,1200,B
Floor-1-Wing-North-Line-5,724,800,B
Floor-2-Wing-North-Line-2,994,1200,A
Floor-5-Wing-North-Line-4,664,800,A
Floor-4-Wing-South-Line-1,476,500,C
Floor-5-Wing-South-Line-1,1725,2000,C
Floor-3-Wing-North-Line-1,1040,1200,A
Floor-2-Wing-South-Line-4,1787,2000,B
Floor-1-Wing-North-Line-1,680,800,C
Floor-5-Wing-South-Line-5,1798,2000,A
Floor-3-Wing-South-Line-5,1794,2000,B
Floor-2-Wing-North-Line-5,2003,2000,A
Floor-3-Wing-North-Line-5,1964,2000,A
Floor-5-Wing-South-Line-3,478,500,C
Floor-1-Wing-South-Line-5,652,800,C
Floor-1-Wing-North-Line-5,711,800,B
Floor-5-Wing-South-Line-5,692,800,C
Floor-4-Wing-North-Line-3,991,1200,A
Floor-5-Wing-South-Line-5,1467,1500,A
Floor-5-Wing-North-Line-5,450,500,C
Floor-3-Wing-North-Line-1,706,800,A
Floor-1-Wing-North-Line-1,1364,1500,A
Floor-5-Wing-North-Line-3,811,800,A
Floor-3-Wing-North-Line-2,1943,2000,B
Floor-3-Wing-South-Line-1,1737,2000,C
Floor-2-Wing-North-Line-4,452,500,B
Floor-1-Wing-North-Line-3,1083,1200,C
Floor-2-Wing-North-Line-1,789,800,C
Floor-5-Wing-North-Line-1,484,500,A
Floor-3-Wing-North-Line-3,1153,1200,B
Floor-5-Wing-North-Line-4,1624,2000,A
Floor-4-Wing-South-Line-4,1972,2000,A
Floor-5-Wing-North-Line-5,1102,1200,B
Floor-4-Wing-South-Line-1,1065,1200,B
Floor-4-Wing-South-Line-5,946,1200,C
Floor-3-Wing-South-Line-4,804,800,A
Floor-5-Wing-North-Line-4,457,500,A
Floor-3-Wing-North-Line-1,719,800,B
Floor-1-Wing-North-Line-1,690,800,B
Floor-3-Wing-South-Line-5,1856,2000,B
Floor-2-Wing-South-Line-2,979,1200,A
Floor-1-Wing-South-Line-1,1383,1500,B
Floor-3-Wing-South-Line-4,1572,2000,B
Floor-1-Wing-North-Line-2,492,500,C
Floor-2-Wing-North-Line-1,1772,2000,B
Floor-1-Wing-North-Line-1,453,500,C
Floor-3-Wing-North-Line-2,1805,2000,A
Floor-5-Wing-North-Line-2,439,500,B
Floor-1-Wing-South-Line-2,771,800,C
Floor-4-Wing-North-Line-5,1067,1200,A
Floor-3-Wing-North-Line-1,773,800,A
Floor-4-Wing-North-Line-3,1111,1200,C
Floor-5-Wing-South-Line-1,774,800,C
Floor-5-Wing-North-Line-2,807,800,B
Floor-2-Wing-North-Line-5,1248,1500,B
Floor-1-Wing-South-Line-4,805,800,C
Floor-3-Wing-North-Line-2,427,500,A
Floor-5-Wing-North-Line-5,635,800,C
Floor-3-Wing-North-Line-3,652,800,A
Floor-4-Wing-South-Line-5,461,500,A
Floor-3-Wing-North-Line-5,395,500,C
Floor-1-Wing-North-Line-3,1164,1200,C
Floor-1-Wing-North-Line-3,495,500,B
Floor-2-Wing-North-Line-4,1821,2000,A
Floor-4-Wing-North-Line-5,658,800,B
Floor-5-Wing-South-Line-1,1845,2000,C
Floor-2-Wing-South-Line-3,1395,1500,B
Floor-1-Wing-South-Line-1,1325,1500,B
Floor-2-Wing-North-Line-5,1027,1200,C
Floor-5-Wing-South-Line-2,1069,1200,B
Floor-5-Wing-South-Line-1,1814,2000,A
Floor-3-Wing-South-Line-2,1437,1500,C
Floor-3-Wing-South-Line-4,498,500,B
Floor-5-Wing-South-Line-4,1875,2000,C
Floor-1-Wing-North-Line-5,787,800,C
Floor-5-Wing-South-Line-4,447,500,B
Floor-5-Wing-North-Line-2,1018,1200,A
Floor-2-Wing-North-Line-4,1098,1200,A
Floor-3-Wing-North-Line-5,1902,2000,C
Floor-4-Wing-South-Line-2,1349,1500,B
Floor-4-Wing-South-Line-3,420,500,C
Floor-3-Wing-South-Line-3,1218,1200,B
Floor-1-Wing-North-Line-2,1189,1200,A
Floor-4-Wing-South-Line-1,1570,2000,B
Floor-3-Wing-South-Line-2,1302,1500,A
Floor-2-Wing-South-Line-2,651,800,C
Floor-4-Wing-South-Line-3,1324,1500,A
Floor-5-Wing-North-Line-2,1325,1500,A
Floor-1-Wing-North-Line-1,1714,2000,C
Floor-1-Wing-North-Line-5,1039,1200,C
Floor-5-Wing-North-Line-3,764,800,C
Floor-3-Wing-North-Line-3,393,500,C
Floor-4-Wing-South-Line-3,718,800,B
Floor-2-Wing-South-Line-2,1776,2000,A
Floor-4-Wing-North-Line-1,1059,1200,A
Floor-5-Wing-South-Line-3,442,500,C
Floor-2-Wing-North-Line-3,672,800,B
Floor-3-Wing-North-Line-3,1445,1500,A
Floor-2-Wing-South-Line-4,1336,1500,A
Floor-3-Wing-North-Line-4,1528,1500,B
Floor-3-Wing-North-Line-3,1302,1500,C
Floor-5-Wing-South-Line-1,1690,2000,A
Floor-2-Wing-North-Line-5,1173,1500,B
Floor-2-Wing-North-Line-4,981,1200,B
Floor-3-Wing-South-Line-4,1206,1200,B
Floor-5-Wing-North-Line-2,432,500,B
Floor-4-Wing-North-Line-3,743,800,B
Floor-1-Wing-North-Line-5,1743,2000,B
Floor-1-Wing-North-Line-3,1870,2000,C
Floor-5-Wing-North-Line-5,1691,2000,B
Floor-5-Wing-South-Line-3,793,800,C
Floor-5-Wing-South-Line-2,394,500,C
Floor-2-Wing-South-Line-5,1133,1200,A
Floor-2-Wing-South-Line-4,724,800,B
Floor-2-Wing-North-Line-5,1194,1500,B
Floor-5-Wing-South-Line-5,975,1200,B
Floor-4-Wing-South-Line-1,1304,1500,C
Floor-1-Wing-North-Line-5,813,800,B
Floor-1-Wing-South-Line-4,1205,1200,B
Floor-1-Wing-North-Line-3,1760,2000,B
Floor-1-Wing-South-Line-2,469,500,A
Floor-5-Wing-North-Line-3,967,1200,C
Floor-4-Wing-South-Line-3,641,800,A
Floor-1-Wing-North-Line-4,1917,2000,A
Floor-3-Wing-South-Line-4,745,800,B
Floor-2-Wing-North-Line-2,1356,1500,B
Floor-5-Wing-South-Line-5,1696,2000,B
Floor-3-Wing-North-Line-5,1233,1500,B
Floor-5-Wing-North-Line-3,1262,1500,B
Floor-5-Wing-South-Line-4,1362,1500,B
Floor-3-Wing-South-Line-2,1477,1500,A
Floor-1-Wing-South-Line-2,478,500,C
Floor-3-Wing-South-Line-4,1406,1500,C
Floor-1-Wing-North-Line-3,1032,1200,C
Floor-5-Wing-North-Line-4,1020,1200,A
Floor-1-Wing-South-Line-1,409,500,B
Floor-4-Wing-North-Line-3,467,500,A
Floor-4-Wing-North-Line-5,1038,1200,A
Floor-4-Wing-South-Line-1,1292,1500,C
Floor-1-Wing-South-Line-3,444,500,B
Floor-4-Wing-North-Line-1,1106,1200,B
Floor-3-Wing-South-Line-5,779,800,B
Floor-2-Wing-North-Line-3,760,800,B
Floor-1-Wing-South-Line-2,399,500,C
Floor-1-Wing-South-Line-2,1097,1200,C
Floor-4-Wing-South-Line-1,1021,1200,C
Floor-4-Wing-South-Line-5,1648,2000,B
Floor-2-Wing-South-Line-4,1143,1200,C
Floor-2-Wing-South-Line-5,627,800,B
Floor-4-Wing-North-Line-3,1631,2000,C
Floor-4-Wing-North-Line-2,1954,2000,C
Floor-1-Wing-North-Line-3,1199,1500,C
Floor-3-Wing-North-Line-2,475,500,A
Floor-4-Wing-South-Line-1,669,800,A
Floor-1-Wing-North-Line-3,492,500,A
Floor-5-Wing-South-Line-3,422,500,C
Floor-5-Wing-South-Line-5,2030,2000,C
Floor-4-Wing-South-Line-1,447,500,C
Floor-1-Wing-North-Line-1,1802,2000,C
Floor-1-Wing-North-Line-3,1325,1500,C
Floor-5-Wing-North-Line-5,491,500,A
Floor-1-Wing-South-Line-4,408,500,B
Floor-5-Wing-South-Line-5,447,500,A
Floor-2-Wing-North-Line-3,740,800,C
Floor-4-Wing-North-Line-5,1027,1200,A
Floor-4-Wing-North-Line-4,794,800,B
Floor-1-Wing-South-Line-2,1730,2000,A
Floor-3-Wing-South-Line-4,1691,2000,A
Floor-5-Wing-South-Line-1,1511,1500,C
Floor-4-Wing-North-Line-2,2029,2000,B
Floor-2-Wing-South-Line-3,1862,2000,A
Floor-5-Wing-South-Line-1,1050,1200,A
Floor-3-Wing-North-Line-5,988,1200,A
Floor-5-Wing-South-Line-3,421,500,A
Floor-4-Wing-South-Line-4,1976,2000,C
Floor-3-Wing-South-Line-5,402,500,B
Floor-1-Wing-South-Line-5,1279,1500,B
Floor-1-Wing-South-Line-5,2034,2000,A
Floor-1-Wing-South-Line-5,427,500,C
Floor-3-Wing-North-Line-4,1735,2000,A
Floor-3-Wing-North-Line-1,1897,2000,C
Floor-3-Wing-North-Line-4,1823,2000,A
Floor-2-Wing-North-Line-4,1689,2000,B
Floor-2-Wing-South-Line-2,1780,2000,B
Floor-3-Wing-South-Line-3,418,500,A
Floor-3-Wing-North-Line-1,450,500,A
Floor-3-Wing-South-Line-4,716,800,A
Floor-4-Wing-North-Line-5,1198,1200,A
Floor-1-Wing-North-Line-3,1746,2000,B
Floor-1-Wing-North-Line-4,1792,2000,A
Floor-1-Wing-North-Line-3,1243,1500,C
Floor-3-Wing-North-Line-2,416,500,B
Floor-1-Wing-North-Line-3,1164,1200,C
Floor-4-Wing-South-Line-3,711,800,B
Floor-4-Wing-North-Line-5,1272,1500,A
Floor-5-Wing-North-Line-5,715,800,A
Floor-2-Wing-South-Line-5,1022,1200,B
Floor-4-Wing-South-Line-3,464,500,A
Floor-1-Wing-North-Line-3,1395,1500,B
Floor-3-Wing-South-Line-1,941,1200,C
Floor-3-Wing-North-Line-3,1706,2000,A
Floor-1-Wing-South-Line-2,745,800,B
Floor-2-Wing-North-Line-4,709,800,C
Floor-1-Wing-South-Line-2,1380,1500,B
Floor-1-Wing-South-Line-5,1496,1500,C
Floor-4-Wing-South-Line-4,1186,1200,A
Floor-2-Wing-North-Line-4,1719,2000,B
Floor-1-Wing-North-Line-4,809,800,A
Floor-2-Wing-North-Line-4,1495,1500,A
Floor-5-Wing-North-Line-5,1413,1500,B
Floor-1-Wing-South-Line-3,1902,2000,C
Floor-2-Wing-South-Line-2,406,500,B
Floor-4-Wing-North-Line-4,471,500,A
Floor-3-Wing-North-Line-3,1176,1200,B
Floor-5-Wing-North-Line-2,1861,2000,C
Floor-3-Wing-South-Line-4,465,500,B
Floor-1-Wing-North-Line-5,1062,1200,A
Floor-5-Wing-North-Line-2,480,500,A
Floor-5-Wing-North-Line-4,1686,2000,B
Floor-2-Wing-South-Line-5,392,500,A
Floor-3-Wing-North-Line-5,476,500,C
Floor-4-Wing-South-Line-4,1402,1500,B
Floor-5-Wing-North-Line-3,1203,1500,C
Floor-4-Wing-North-Line-3,1970,2000,B
Floor-4-Wing-North-Line-1,1223,1200,B
Floor-2-Wing-South-Line-3,415,500,B
Floor-3-Wing-South-Line-5,393,500,B
Floor-2-Wing-North-Line-3,1430,1500,C
Floor-2-Wing-South-Line-5,979,1200,B
Floor-5-Wing-South-Line-1,792,800,C
Floor-4-Wing-South-Line-1,1827,2000,A
Floor-4-Wing-North-Line-3,1095,1200,C
Floor-3-Wing-South-Line-3,1510,1500,B
Floor-3-Wing-South-Line-2,1216,1200,B
Floor-2-Wing-South-Line-3,1603,2000,A
Floor-5-Wing-North-Line-3,653,800,B
Floor-5-Wing-South-Line-4,695,800,B
Floor-4-Wing-South-Line-3,802,800,A
Floor-1-Wing-North-Line-2,812,800,C
Floor-1-Wing-South-Line-1,969,1200,B
Floor-5-Wing-South-Line-4,1924,2000,A
Floor-4-Wing-North-Line-2,1917,2000,B
Floor-3-Wing-South-Line-1,502,500,B
Floor-4-Wing-South-Line-3,1801,2000,B
Floor-1-Wing-South-Line-5,1689,2000,A
Floor-3-Wing-North-Line-5,439,500,B
Floor-2-Wing-South-Line-3,769,800,A
Floor-2-Wing-South-Line-1,397,500,A
Floor-1-Wing-South-Line-5,1126,1200,A
Floor-1-Wing-South-Line-4,477,500,C
Floor-5-Wing-South-Line-2,1107,1200,B
Floor-2-Wing-North-Line-3,952,1200,C
Floor-5-Wing-South-Line-4,1190,1500,B
Floor-2-Wing-North-Line-1,743,800,C
Floor-2-Wing-South-Line-4,688,800,C
Floor-3-Wing-South-Line-3,1705,2000,A
Floor-4-Wing-North-Line-5,776,800,C
Floor-5-Wing-North-Line-4,1518,1500,A
Floor-2-Wing-North-Line-5,1498,1500,B
Floor-5-Wing-South-Line-1,452,500,B
Floor-5-Wing-North-Line-2,1079,1200,C
Floor-3-Wing-South-Line-4,1129,1200,A
Floor-1-Wing-South-Line-2,1033,1200,C
Floor-4-Wing-South-Line-2,721,800,A
Floor-1-Wing-South-Line-3,1708,2000,A
Floor-3-Wing-North-Line-3,451,500,C
Floor-2-Wing-North-Line-2,1192,1200,B
Floor-1-Wing-North-Line-1,1124,1200,A
Floor-5-Wing-South-Line-5,1620,2000,C
Floor-2-Wing-North-Line-3,682,800,A
Floor-5-Wing-North-Line-4,1134,1200,A
Floor-3-Wing-North-Line-1,1216,1200,B
Floor-4-Wing-South-Line-4,1228,1500,A
Floor-2-Wing-North-Line-3,714,800,A
Floor-3-Wing-North-Line-3,1205,1200,A
Floor-2-Wing-North-Line-2,427,500,C
Floor-3-Wing-South-Line-5,1119,1200,B
Floor-2-Wing-South-Line-4,720,800,A
Floor-3-Wing-South-Line-3,418,500,B
Floor-3-Wing-South-Line-3,403,500,B
Floor-4-Wing-South-Line-3,425,500,A
Floor-3-Wing-North-Line-3,785,800,C
Floor-3-Wing-North-Line-4,688,800,A
Floor-5-Wing-North-Line-2,1572,2000,C
Floor-4-Wing-North-Line-2,725,800,C
Floor-5-Wing-South-Line-3,792,800,B
Floor-2-Wing-South-Line-4,697,800,C
Floor-3-Wing-North-Line-1,422,500,B
Floor-1-Wing-North-Line-3,676,800,B
Floor-1-Wing-North-Line-3,441,500,C
Floor-1-Wing-North-Line-5,1462,1500,A
Floor-1-Wing-North-Line-1,748,800,B
Floor-5-Wing-South-Line-3,1614,2000,C
Floor-5-Wing-North-Line-2,437,500,B
Floor-2-Wing-North-Line-4,689,800,B
Floor-5-Wing-South-Line-2,434,500,A
Floor-1-Wing-North-Line-4,461,500,A
Floor-2-Wing-North-Line-5,1287,1500,B
Floor-4-Wing-North-Line-4,1337,1500,C
Floor-3-Wing-North-Line-1,1162,1200,C
Floor-1-Wing-South-Line-4,1617,2000,C
Floor-1-Wing-North-Line-2,1064,1200,B
Floor-2-Wing-North-Line-5,400,500,B
Floor-4-Wing-South-Line-5,404,500,C
Floor-5-Wing-North-Line-2,451,500,B
Floor-2-Wing-South-Line-4,1020,1200,B
Floor-2-Wing-North-Line-5,1005,1200,A
Floor-3-Wing-South-Line-3,1868,2000,A
Floor-5-Wing-North-Line-4,398,500,C
Floor-4-Wing-North-Line-1,1989,2000,C
Floor-5-Wing-North-Line-5,408,500,A
Floor-2-Wing-South-Line-2,632,800,C
Floor-2-Wing-South-Line-5,1918,2000,B
Floor-5-Wing-North-Line-3,776,800,A
Floor-1-Wing-North-Line-1,1249,1500,B
Floor-5-Wing-North-Line-4,1737,2000,A
Floor-5-Wing-North-Line-5,1287,1500,C
Floor-5-Wing-South-Line-1,735,800,A
Floor-3-Wing-North-Line-4,762,800,B
Floor-5-Wing-South-Line-2,673,800,C
Floor-4-Wing-North-Line-5,1112,1200,A
Floor-4-Wing-South-Line-2,1217,1200,B
Floor-3-Wing-North-Line-5,1886,2000,C
Floor-3-Wing-North-Line-4,1398,1500,B
Floor-1-Wing-South-Line-2,418,500,B
Floor-3-Wing-South-Line-3,457,500,A
Floor-5-Wing-South-Line-5,443,500,C
Floor-2-Wing-North-Line-1,1201,1200,B
Floor-2-Wing-North-Line-3,1939,2000,A
Floor-2-Wing-South-Line-4,729,800,B
Floor-5-Wing-North-Line-3,667,800,B
Floor-3-Wing-North-Line-2,490,500,B
Floor-5-Wing-North-Line-3,480,500,A
Floor-2-Wing-North-Line-4,1070,1200,C
Floor-3-Wing-South-Line-5,627,800,B
Floor-3-Wing-North-Line-3,1229,1500,B
Floor-2-Wing-North-Line-4,1194,1200,B
Floor-3-Wing-North-Line-2,434,500,C
Floor-2-Wing-North-Line-4,1998,2000,C
Floor-1-Wing-North-Line-4,979,1200,C
Floor-2-Wing-North-Line-2,1203,1500,C
Floor-1-Wing-North-Line-2,1340,1500,B
Floor-3-Wing-South-Line-4,1214,1500,C
Floor-2-Wing-North-Line-1,391,500,B
Floor-2-Wing-North-Line-4,689,800,C
Floor-5-Wing-South-Line-3,1853,2000,C
Floor-2-Wing-South-Line-1,679,800,B
Floor-1-Wing-North-Line-5,1009,1200,C
Floor-4-Wing-South-Line-4,427,500,C
Floor-3-Wing-South-Line-3,1589,2000,C
Floor-1-Wing-North-Line-4,973,1200,A
Floor-2-Wing-South-Line-4,394,500,C
Floor-3-Wing-North-Line-4,2014,2000,C
Floor-2-Wing-North-Line-4,1860,2000,A
Floor-4-Wing-South-Line-2,421,500,C
Floor-5-Wing-North-Line-5,987,1200,A
Floor-2-Wing-North-Line-4,430,500,C
Floor-3-Wing-South-Line-3,1636,2000,C
Floor-5-Wing-South-Line-3,1494,1500,A
Floor-1-Wing-South-Line-3,1179,1500,C
Floor-3-Wing-North-Line-5,1124,1200,C
Floor-4-Wing-South-Line-1,1380,1500,A
Floor-3-Wing-North-Line-2,1732,2000,B
Floor-4-Wing-South-Line-2,1768,2000,C
Floor-2-Wing-North-Line-5,493,500,A
Floor-5-Wing-South-Line-4,730,800,C
Floor-1-Wing-North-Line-4,1187,1500,A
Floor-5-Wing-North-Line-5,474,500,C
Floor-4-Wing-South-Line-3,480,500,A
Floor-4-Wing-North-Line-2,396,500,C
Floor-1-Wing-South-Line-1,1666,2000,B
Floor-4-Wing-North-Line-2,1178,1500,A
Floor-3-Wing-South-Line-5,1307,1500,C
Floor-5-Wing-North-Line-4,1342,1500,C
Floor-1-Wing-North-Line-3,496,500,A
Floor-5-Wing-South-Line-5,991,1200,B
Floor-1-Wing-North-Line-5,1655,2000,C
Floor-2-Wing-South-Line-1,813,800,A
Floor-1-Wing-North-Line-3,1599,2000,C
Floor-3-Wing-North-Line-1,416,500,C
Floor-1-Wing-South-Line-2,1855,2000,C
Floor-4-Wing-South-Line-4,805,800,A
Floor-3-Wing-South-Line-3,767,800,B
Floor-2-Wing-South-Line-1,1640,2000,C
Floor-5-Wing-North-Line-4,1249,1500,B
Floor-4-Wing-South-Line-4,447,500,A
Floor-5-Wing-South-Line-3,2034,2000,A
Floor-2-Wing-North-Line-3,1606,2000,B
Floor-1-Wing-North-Line-3,434,500,A
Floor-2-Wing-North-Line-4,937,1200,A
Floor-1-Wing-North-Line-4,1473,1500,A
Floor-1-Wing-South-Line-1,1060,1200,C
Floor-5-Wing-South-Line-3,1242,1500,B
Floor-3-Wing-South-Line-4,731,800,A
Floor-5-Wing-North-Line-5,672,800,A
Floor-2-Wing-South-Line-2,479,500,B
Floor-1-Wing-South-Line-1,1044,1200,C
Floor-5-Wing-North-Line-4,755,800,A
Floor-5-Wing-North-Line-3,463,500,A
Floor-4-Wing-North-Line-1,462,500,A
Floor-5-Wing-South-Line-1,684,800,B
Floor-3-Wing-South-Line-4,1878,2000,B
Floor-2-Wing-North-Line-5,1862,2000,A
Floor-5-Wing-North-Line-5,1208,1500,C
Floor-4-Wing-South-Line-1,1148,1200,A
Floor-4-Wing-North-Line-3,1205,1200,A
Floor-3-Wing-North-Line-5,1589,2000,C
Floor-4-Wing-South-Line-4,403,500,A
Floor-3-Wing-South-Line-4,1766,2000,C
Floor-3-Wing-South-Line-1,1113,1200,C
Floor-5-Wing-North-Line-3,1372,1500,A
Floor-1-Wing-South-Line-4,1207,1200,C
Floor-2-Wing-South-Line-2,1173,1500,C
Floor-1-Wing-North-Line-5,1009,1200,A
Floor-3-Wing-North-Line-3,1061,1200,A
Floor-2-Wing-South-Line-5,1102,1200,B
Floor-3-Wing-South-Line-4,699,800,A
Floor-2-Wing-North-Line-4,1087,1200,B
Floor-1-Wing-North-Line-1,1690,2000,C
Floor-5-Wing-North-Line-2,438,500,B
Floor-2-Wing-North-Line-2,1178,1500,B
Floor-3-Wing-South-Line-2,1334,1500,C
Floor-1-Wing-North-Line-4,718,800,B
Floor-3-Wing-South-Line-4,735,800,A
Floor-4-Wing-South-Line-4,414,500,B
Floor-5-Wing-North-Line-4,1178,1200,C
Floor-2-Wing-South-Line-3,638,800,C
Floor-2-Wing-North-Line-5,1392,1500,C
Floor-3-Wing-South-Line-3,1412,1500,B
Floor-3-Wing-North-Line-5,2022,2000,B
Floor-1-Wing-South-Line-2,1210,1500,B
Floor-4-Wing-South-Line-2,1404,1500,B
Floor-2-Wing-North-Line-1,1072,1200,A
Floor-1-Wing-South-Line-1,1017,1200,C
Floor-3-Wing-South-Line-4,1691,2000,B
Floor-5-Wing-North-Line-5,411,500,A
Floor-4-Wing-North-Line-3,745,800,A
Floor-4-Wing-South-Line-4,481,500,C
Floor-4-Wing-South-Line-2,773,800,B
Floor-5-Wing-North-Line-2,1691,2000,B
Floor-2-Wing-North-Line-1,464,500,C
Floor-5-Wing-South-Line-4,1441,1500,B
Floor-1-Wing-North-Line-5,1744,2000,B
Floor-2-Wing-South-Line-4,420,500,C
Floor-3-Wing-South-Line-1,1739,2000,C
Floor-1-Wing-North-Line-5,704,800,A
Floor-5-Wing-North-Line-3,1913,2000,B
Floor-3-Wing-North-Line-2,1689,2000,A
Floor-1-Wing-South-Line-2,1146,1200,B
Floor-5-Wing-South-Line-5,955,1200,C
Floor-1-Wing-North-Line-3,630,800,A
Floor-3-Wing-South-Line-5,768,800,B
Floor-1-Wing-South-Line-3,1703,2000,B
Floor-2-Wing-North-Line-2,634,800,C
Floor-5-Wing-North-Line-5,428,500,A
Floor-2-Wing-South-Line-1,479,500,C
Floor-5-Wing-North-Line-3,692,800,C
Floor-5-Wing-South-Line-2,1841,2000,B
Floor-5-Wing-North-Line-1,628,800,B
Floor-5-Wing-North-Line-2,1725,2000,A
Floor-5-Wing-North-Line-4,1381,1500,B
Floor-1-Wing-South-Line-2,1002,1200,A
Floor-2-Wing-North-Line-2,1596,2000,A
Floor-4-Wing-North-Line-5,1348,1500,B
Floor-2-Wing-South-Line-3,748,800,B
Floor-3-Wing-South-Line-3,1949,2000,A
Floor-3-Wing-North-Line-5,725,800,A
Floor-5-Wing-North-Line-5,1238,1500,A
Floor-3-Wing-North-Line-2,1150,1200,B
Floor-4-Wing-South-Line-4,1744,2000,C
Floor-4-Wing-North-Line-3,1088,1200,C
Floor-5-Wing-South-Line-4,1189,1500,B
Floor-3-Wing-South-Line-2,643,800,A
Floor-5-Wing-South-Line-1,1014,1200,A
Floor-3-Wing-South-Line-4,1397,1500,C
Floor-3-Wing-South-Line-3,1071,1200,B
Floor-2-Wing-North-Line-4,1200,1200,B
Floor-2-Wing-North-Line-4,1914,2000,A
Floor-2-Wing-North-Line-5,1114,1200,A
Floor-2-Wing-North-Line-2,1347,1500,B
Floor-3-Wing-South-Line-3,1647,2000,B
Floor-5-Wing-South-Line-1,1191,1500,B
Floor-4-Wing-South-Line-4,1959,2000,A
Floor-1-Wing-South-Line-2,1596,2000,A
Floor-4-Wing-North-Line-5,961,1200,A
Floor-1-Wing-South-Line-1,1111,1200,C
Floor-2-Wing-North-Line-4,1780,2000,C
Floor-4-Wing-South-Line-2,985,1200,A
Floor-3-Wing-North-Line-3,1205,1200,A
Floor-1-Wing-North-Line-2,1702,2000,C
Floor-1-Wing-North-Line-5,1023,1200,B
Floor-3-Wing-South-Line-5,751,800,C
Floor-5-Wing-South-Line-3,393,500,A
Floor-2-Wing-South-Line-1,785,800,B
Floor-4-Wing-North-Line-4,1856,2000,A
Floor-1-Wing-North-Line-2,1198,1200,B
Floor-2-Wing-North-Line-5,456,500,C
Floor-5-Wing-North-Line-2,710,800,B
Floor-4-Wing-South-Line-2,721,800,C
Floor-2-Wing-North-Line-2,398,500,C
Floor-1-Wing-North-Line-3,792,800,B
Floor-3-Wing-North-Line-1,504,500,C
Floor-4-Wing-South-Line-4,745,800,B
Floor-3-Wing-North-Line-1,795,800,C
Floor-5-Wing-South-Line-1,1132,1200,B
Floor-2-Wing-North-Line-3,440,500,C
Floor-3-Wing-North-Line-4,497,500,B
Floor-2-Wing-South-Line-4,774,800,C
Floor-2-Wing-North-Line-1,1159,1200,A
Floor-3-Wing-South-Line-2,1995,2000,A
Floor-4-Wing-South-Line-5,508,500,A
Floor-5-Wing-South-Line-1,1155,1200,B
Floor-1-Wing-South-Line-5,1278,1500,C
Floor-3-Wing-North-Line-5,1324,1500,B
Floor-2-Wing-North-Line-1,1635,2000,B
Floor-1-Wing-South-Line-5,1665,2000,B
Floor-1-Wing-North-Line-3,505,500,A
Floor-2-Wing-South-Line-1,1757,2000,A
Floor-3-Wing-South-Line-4,2009,2000,C
Floor-3-Wing-North-Line-1,490,500,B
Floor-5-Wing-South-Line-5,1753,2000,B
Floor-3-Wing-North-Line-1,395,500,B
Floor-3-Wing-South-Line-3,736,800,A
Floor-2-Wing-South-Line-5,407,500,C
Floor-5-Wing-North-Line-2,428,500,B
Floor-4-Wing-South-Line-2,626,800,C
Floor-5-Wing-South-Line-1,783,800,C
Floor-4-Wing-South-Line-1,1192,1500,A
Floor-3-Wing-South-Line-2,1089,1200,A
Floor-1-Wing-South-Line-5,437,500,C
Floor-1-Wing-North-Line-5,1017,1200,A
Floor-3-Wing-North-Line-5,1026,1200,C
Floor-3-Wing-South-Line-2,1702,2000,C
Floor-1-Wing-South-Line-4,1300,1500,C
Floor-3-Wing-North-Line-4,1183,1200,C
Floor-3-Wing-South-Line-4,490,500,A
Floor-1-Wing-South-Line-4,763,800,A
Floor-4-Wing-North-Line-5,1378,1500,A
Floor-3-Wing-South-Line-3,761,800,C
Floor-1-Wing-North-Line-4,1712,2000,A
Floor-4-Wing-North-Line-2,1654,2000,C
Floor-1-Wing-South-Line-4,801,800,A
Floor-5-Wing-South-Line-4,1586,2000,C
Floor-2-Wing-South-Line-4,406,500,C
Floor-2-Wing-South-Line-4,1851,2000,B
Floor-4-Wing-South-Line-2,658,800,C
Floor-2-Wing-South-Line-5,1217,1200,C
Floor-5-Wing-South-Line-5,1171,1500,B
Floor-5-Wing-North-Line-1,973,1200,C
Floor-1-Wing-South-Line-5,1210,1200,C
Floor-5-Wing-South-Line-4,705,800,C
Floor-1-Wing-North-Line-4,444,500,B
Floor-4-Wing-North-Line-4,443,500,B
Floor-2-Wing-South-Line-4,806,800,C
Floor-4-Wing-North-Line-1,411,500,A
Floor-1-Wing-North-Line-5,504,500,A
Floor-1-Wing-South-Line-4,1507,1500,A
Floor-4-Wing-North-Line-1,1139,1200,B
Floor-4-Wing-South-Line-2,1157,1200,C
Floor-2-Wing-North-Line-2,736,800,C
Floor-1-Wing-North-Line-3,416,500,C
Floor-5-Wing-South-Line-5,1112,1200,B
Floor-4-Wing-North-Line-5,2031,2000,A
Floor-2-Wing-South-Line-5,1190,1500,C
Floor-3-Wing-South-Line-3,421,500,A
Floor-4-Wing-North-Line-5,414,500,C
Floor-1-Wing-North-Line-5,1451,1500,B
Floor-5-Wing-North-Line-1,1130,1200,B
Floor-1-Wing-South-Line-4,793,800,B
Floor-4-Wing-South-Line-5,1284,1500,C
Floor-3-Wing-North-Line-5,647,800,A
Floor-4-Wing-North-Line-1,2016,2000,B
Floor-5-Wing-North-Line-1,1937,2000,A
Floor-3-Wing-North-Line-4,749,800,B
Floor-1-Wing-South-Line-5,683,800,A
Floor-5-Wing-South-Line-3,985,1200,B
Floor-5-Wing-North-Line-1,1916,2000,B
Floor-1-Wing-North-Line-5,1993,2000,A
Floor-4-Wing-North-Line-3,1813,2000,B
Floor-2-Wing-North-Line-3,1133,1200,C
Floor-2-Wing-North-Line-5,1304,1500,C
Floor-3-Wing-North-Line-5,450,500,A
Floor-2-Wing-North-Line-1,1163,1200,C
Floor-2-Wing-North-Line-1,1570,2000,B
Floor-4-Wing-South-Line-3,1778,2000,A
Floor-1-Wing-South-Line-3,1211,1200,A
Floor-3-Wing-North-Line-2,1016,1200,A
Floor-1-Wing-North-Line-3,1087,1200,C
Floor-3-Wing-South-Line-2,1768,2000,C
Floor-5-Wing-South-Line-4,1581,2000,B
Floor-1-Wing-North-Line-3,1234,1500,B
Floor-3-Wing-North-Line-3,785,800,C
Floor-2-Wing-South-Line-3,752,800,B
Floor-5-Wing-South-Line-5,476,500,B
Floor-4-Wing-South-Line-3,1186,1200,A
Floor-1-Wing-North-Line-5,1785,2000,C
Floor-3-Wing-South-Line-3,958,1200,C
Floor-1-Wing-North-Line-3,1487,1500,A
Floor-3-Wing-North-Line-4,783,800,C
Floor-1-Wing-North-Line-2,1426,1500,A
Floor-2-Wing-North-Line-2,1485,1500,C
Floor-5-Wing-North-Line-3,1919,2000,B
Floor-1-Wing-South-Line-2,1602,2000,B
Floor-2-Wing-South-Line-4,739,800,C
Floor-5-Wing-South-Line-5,1996,2000,B
Floor-4-Wing-South-Line-2,1594,2000,C
Floor-3-Wing-North-Line-3,450,500,A
Floor-3-Wing-South-Line-1,1714,2000,B
Floor-1-Wing-North-Line-4,1192,1500,C
Floor-4-Wing-South-Line-4,1121,1200,A
Floor-3-Wing-South-Line-3,941,1200,B
Floor-4-Wing-North-Line-4,1947,2000,B
Floor-3-Wing-South-Line-4,419,500,A
Floor-4-Wing-North-Line-2,465,500,B
Floor-5-Wing-North-Line-4,1008,1200,B
Floor-3-Wing-South-Line-2,810,800,C
Floor-3-Wing-North-Line-1,1187,1500,B
Floor-1-Wing-North-Line-5,446,500,A
Floor-4-Wing-South-Line-4,432,500,A
Floor-2-Wing-South-Line-1,749,800,C
Floor-4-Wing-North-Line-4,1965,2000,C
Floor-5-Wing-South-Line-1,2002,2000,B
Floor-2-Wing-South-Line-1,1426,1500,A
Floor-2-Wing-South-Line-5,1471,1500,C
Floor-3-Wing-North-Line-5,1981,2000,A
Floor-5-Wing-South-Line-3,662,800,C
Floor-2-Wing-North-Line-5,1165,1200,B
Floor-2-Wing-South-Line-3,711,800,B
Floor-5-Wing-North-Line-5,972,1200,B
Floor-3-Wing-North-Line-5,1139,1200,B
Floor-2-Wing-South-Line-1,767,800,A
Floor-3-Wing-South-Line-1,1634,2000,B
Floor-5-Wing-North-Line-3,1475,1500,A
Floor-4-Wing-North-Line-4,1201,1500,A
Floor-3-Wing-South-Line-1,730,800,A
Floor-2-Wing-North-Line-3,791,800,C
Floor-1-Wing-North-Line-1,1373,1500,C
Floor-3-Wing-North-Line-4,1575,2000,B
Floor-5-Wing-South-Line-1,1104,1200,C
Floor-4-Wing-North-Line-2,503,500,A
Floor-5-Wing-North-Line-3,1375,1500,B
Floor-4-Wing-South-Line-3,427,500,C
Floor-5-Wing-South-Line-5,1851,2000,A
Floor-2-Wing-South-Line-1,1470,1500,B
Floor-4-Wing-South-Line-5,1596,2000,C
Floor-4-Wing-North-Line-1,811,800,C
Floor-1-Wing-North-Line-5,1446,1500,B
Floor-1-Wing-North-Line-4,1179,1200,C
Floor-4-Wing-South-Line-5,473,500,A
Floor-5-Wing-South-Line-4,489,500,A
Floor-3-Wing-North-Line-2,408,500,C
Floor-4-Wing-North-Line-2,731,800,A
Floor-1-Wing-North-Line-4,1485,1500,B
Floor-1-Wing-South-Line-2,1457,1500,A
Floor-5-Wing-South-Line-1,1939,2000,A
Floor-4-Wing-South-Line-2,1510,1500,B
Floor-3-Wing-South-Line-5,1516,1500,A
Floor-5-Wing-South-Line-2,1980,2000,A
Floor-3-Wing-South-Line-4,453,500,B
Floor-3-Wing-South-Line-5,449,500,A
Floor-4-Wing-South-Line-1,435,500,C
Floor-2-Wing-South-Line-1,1315,1500,C
Floor-2-Wing-South-Line-1,469,500,C
Floor-5-Wing-South-Line-5,1177,1500,B
Floor-1-Wing-North-Line-5,667,800,C
Floor-3-Wing-South-Line-5,1484,1500,C
Floor-3-Wing-North-Line-5,804,800,B
Floor-2-Wing-North-Line-3,714,800,A
Floor-3-Wing-North-Line-4,402,500,A
Floor-4-Wing-North-Line-3,1045,1200,C
Floor-5-Wing-North-Line-2,1229,1500,B
Floor-5-Wing-North-Line-1,439,500,C
Floor-5-Wing-North-Line-3,1614,2000,B
Floor-1-Wing-North-Line-3,399,500,A
Floor-2-Wing-South-Line-3,446,500,C
Floor-4-Wing-South-Line-2,1132,1200,A
Floor-1-Wing-North-Line-4,417,500,B
Floor-2-Wing-North-Line-5,1167,1200,C
Floor-3-Wing-South-Line-3,1467,1500,A
Floor-5-Wing-South-Line-2,1323,1500,B
Floor-5-Wing-North-Line-1,1128,1200,B
Floor-5-Wing-South-Line-1,694,800,C
Floor-3-Wing-North-Line-3,1084,1200,C
Floor-3-Wing-North-Line-2,632,800,A
Floor-5-Wing-North-Line-1,431,500,C
Floor-3-Wing-North-Line-1,1385,1500,A
Floor-4-Wing-North-Line-3,1468,1500,A
Floor-4-Wing-South-Line-1,762,800,A
Floor-2-Wing-South-Line-2,1474,1500,C
Floor-4-Wing-South-Line-5,1860,2000,C
Floor-3-Wing-South-Line-2,1355,1500,A
Floor-4-Wing-South-Line-1,471,500,A
Floor-1-Wing-North-Line-1,1187,1200,B
Floor-4-Wing-South-Line-2,410,500,A
Floor-5-Wing-North-Line-1,1893,2000,B
Floor-3-Wing-North-Line-2,1115,1200,B
Floor-3-Wing-North-Line-1,417,500,B
Floor-4-Wing-North-Line-5,999,1200,B
Floor-2-Wing-North-Line-1,642,800,C
Floor-1-Wing-North-Line-4,1245,1500,C
Floor-1-Wing-South-Line-2,497,500,C
Floor-3-Wing-South-Line-1,1147,1200,B
Floor-5-Wing-South-Line-1,1304,1500,B
Floor-1-Wing-North-Line-4,1188,1200,A
Floor-2-Wing-North-Line-3,1574,2000,B
Floor-3-Wing-North-Line-3,408,500,B
Floor-3-Wing-South-Line-1,1945,2000,C
Floor-2-Wing-South-Line-1,750,800,C
Floor-2-Wing-South-Line-1,467,500,B
Floor-4-Wing-North-Line-1,1430,1500,C
Floor-2-Wing-South-Line-3,507,500,C
Floor-3-Wing-North-Line-3,1850,2000,A
Floor-4-Wing-North-Line-2,1358,1500,C
Floor-2-Wing-North-Line-2,1592,2000,A
Floor-1-Wing-North-Line-4,783,800,B
Floor-2-Wing-South-Line-4,448,500,C
Floor-2-Wing-North-Line-1,412,500,C
Floor-4-Wing-South-Line-2,1411,1500,A
Floor-4-Wing-North-Line-5,481,500,A
Floor-2-Wing-North-Line-1,1095,1200,B
Floor-1-Wing-North-Line-5,1834,2000,C
Floor-3-Wing-South-Line-4,1452,1500,C
Floor-3-Wing-North-Line-5,625,800,A
Floor-2-Wing-South-Line-4,1578,2000,C
Floor-5-Wing-South-Line-1,1398,1500,B
Floor-3-Wing-South-Line-1,424,500,A
Floor-3-Wing-North-Line-1,1493,1500,A
Floor-1-Wing-South-Line-4,1014,1200,A
Floor-5-Wing-North-Line-1,722,800,A
Floor-2-Wing-South-Line-5,1240,1500,C
Floor-1-Wing-South-Line-2,1090,1200,C
Floor-3-Wing-North-Line-4,1280,1500,A
Floor-4-Wing-North-Line-5,643,800,C
Floor-3-Wing-North-Line-2,652,800,A
Floor-1-Wing-North-Line-5,404,500,A
Floor-2-Wing-North-Line-5,482,500,A
Floor-2-Wing-North-Line-3,472,500,A
Floor-3-Wing-South-Line-1,1566,2000,A
Floor-5-Wing-South-Line-2,632,800,C
Floor-4-Wing-North-Line-1,1482,1500,B
Floor-4-Wing-North-Line-3,1030,1200,B
Floor-1-Wing-North-Line-1,1210,1500,A
Floor-3-Wing-South-Line-3,630,800,B
Floor-4-Wing-North-Line-3,1574,2000,B
Floor-2-Wing-North-Line-2,426,500,A
Floor-3-Wing-South-Line-5,1412,1500,B
Floor-1-Wing-South-Line-3,1127,1200,B
Floor-5-Wing-South-Line-3,1434,1500,C
Floor-1-Wing-North-Line-3,1324,1500,C
Floor-3-Wing-South-Line-4,1156,1200,C
Floor-2-Wing-North-Line-4,480,500,A
Floor-3-Wing-North-Line-3,808,800,C
Floor-1-Wing-South-Line-5,1177,1200,A
Floor-1-Wing-South-Line-3,1150,1200,B
Floor-2-Wing-North-Line-2,436,500,C
Floor-1-Wing-North-Line-4,1089,1200,C
Floor-2-Wing-South-Line-3,1068,1200,C
Floor-5-Wing-North-Line-1,1077,1200,A
Floor-5-Wing-South-Line-1,1167,1200,B
Floor-5-Wing-South-Line-4,403,500,C
Floor-2-Wing-South-Line-3,1771,2000,B
Floor-2-Wing-North-Line-1,1076,1200,C
Floor-2-Wing-North-Line-5,643,800,B
Floor-2-Wing-North-Line-3,696,800,B
Floor-2-Wing-South-Line-3,486,500,B
Floor-3-Wing-South-Line-1,725,800,B
Floor-2-Wing-South-Line-4,950,1200,C
Floor-4-Wing-North-Line-4,948,1200,A
Floor-4-Wing-South-Line-3,1683,2000,B
Floor-3-Wing-North-Line-1,1452,1500,B
Floor-5-Wing-South-Line-1,1148,1200,A
Floor-4-Wing-North-Line-2,1184,1500,B
Floor-5-Wing-North-Line-1,1386,1500,C
Floor-3-Wing-South-Line-5,401,500,C
Floor-1-Wing-South-Line-5,1946,2000,A
Floor-2-Wing-North-Line-2,1083,1200,B
Floor-1-Wing-North-Line-3,1621,2000,C
Floor-1-Wing-North-Line-5,1666,2000,A
Floor-3-Wing-North-Line-1,720,800,B
Floor-1-Wing-North-Line-5,751,800,A
Floor-1-Wing-South-Line-1,667,800,A
Floor-2-Wing-South-Line-3,760,800,C
Floor-5-Wing-North-Line-2,664,800,A
Floor-1-Wing-North-Line-4,446,500,B
Floor-1-Wing-North-Line-4,444,500,A
Floor-1-Wing-North-Line-3,1268,1500,B
Floor-5-Wing-North-Line-4,1002,1200,A
Floor-5-Wing-South-Line-4,1891,2000,A
Floor-5-Wing-South-Line-5,1237,1500,B
Floor-3-Wing-South-Line-1,1606,2000,B
Floor-1-Wing-North-Line-3,1428,1500,B
Floor-2-Wing-South-Line-3,391,500,C
Floor-4-Wing-South-Line-5,438,500,B
Floor-4-Wing-South-Line-5,1938,2000,C
Floor-5-Wing-North-Line-4,785,800,B
Floor-3-Wing-South-Line-4,490,500,C
Floor-2-Wing-South-Line-4,711,800,A
Floor-5-Wing-North-Line-4,1227,1500,A
Floor-4-Wing-North-Line-3,1423,1500,B
Floor-3-Wing-North-Line-4,699,800,A
Floor-1-Wing-North-Line-1,1794,2000,B
Floor-1-Wing-South-Line-2,1820,2000,B
Floor-1-Wing-North-Line-4,463,500,A
Floor-2-Wing-South-Line-5,1072,1200,B
Floor-3-Wing-South-Line-4,1191,1200,B
Floor-5-Wing-South-Line-1,764,800,A
Floor-4-Wing-South-Line-1,644,800,C
Floor-5-Wing-South-Line-4,508,500,B
Floor-3-Wing-North-Line-1,1425,1500,C
Floor-2-Wing-North-Line-5,392,500,B
Floor-3-Wing-North-Line-5,1929,2000,A
Floor-4-Wing-South-Line-5,986,1200,A
Floor-5-Wing-North-Line-4,1201,1200,C
Floor-4-Wing-South-Line-2,770,800,C
Floor-4-Wing-North-Line-2,682,800,C
Floor-3-Wing-North-Line-3,401,500,A
Floor-4-Wing-North-Line-5,1030,1200,C
Floor-4-Wing-North-Line-5,1485,1500,A
Floor-4-Wing-South-Line-1,986,1200,C
Floor-1-Wing-South-Line-5,975,1200,C
Floor-3-Wing-North-Line-2,1108,1200,C
Floor-1-Wing-South-Line-1,484,500,C
Floor-2-Wing-North-Line-2,1216,1200,A
Floor-3-Wing-North-Line-3,491,500,A
Floor-3-Wing-North-Line-1,436,500,B
Floor-5-Wing-North-Line-1,785,800,B
Floor-3-Wing-North-Line-2,1214,1200,B
Floor-4-Wing-South-Line-3,1515,1500,A
Floor-4-Wing-North-Line-1,462,500,B
Floor-4-Wing-South-Line-5,645,800,B
Floor-1-Wing-North-Line-2,691,800,C
Floor-4-Wing-North-Line-3,1180,1500,B
Floor-3-Wing-South-Line-2,1619,2000,B
Floor-4-Wing-South-Line-3,991,1200,C
Floor-2-Wing-South-Line-1,1291,1500,A
Floor-4-Wing-South-Line-5,1114,1200,A
Floor-2-Wing-North-Line-1,1511,1500,A
Floor-4-Wing-South-Line-5,1685,2000,B
Floor-3-Wing-South-Line-2,1172,1200,C
Floor-2-Wing-North-Line-4,1322,1500,B
Floor-1-Wing-North-Line-2,791,800,A
Floor-3-Wing-North-Line-5,1236,1500,C
Floor-2-Wing-North-Line-4,1399,1500,C
Floor-2-Wing-North-Line-1,1313,1500,B
Floor-2-Wing-North-Line-3,1867,2000,C
Floor-4-Wing-North-Line-3,1357,1500,C
Floor-2-Wing-South-Line-1,1201,1500,B
Floor-3-Wing-North-Line-2,1119,1200,A
Floor-1-Wing-South-Line-2,1257,1500,B
Floor-5-Wing-South-Line-2,1130,1200,A
Floor-5-Wing-North-Line-4,1173,1200,A
Floor-1-Wing-North-Line-3,417,500,B
Floor-4-Wing-North-Line-2,1679,2000,C
Floor-5-Wing-North-Line-2,1673,2000,C
Floor-3-Wing-North-Line-3,1216,1200,C
Floor-2-Wing-South-Line-1,1462,1500,B
Floor-2-Wing-North-Line-1,716,800,A
Floor-4-Wing-South-Line-3,951,1200,A
Floor-1-Wing-North-Line-5,1235,1500,A
Floor-2-Wing-North-Line-5,978,1200,C
Floor-3-Wing-South-Line-3,666,800,A
Floor-4-Wing-North-Line-3,1064,1200,B
Floor-3-Wing-South-Line-1,1654,2000,B
Floor-5-Wing-South-Line-4,1213,1500,C
Floor-5-Wing-North-Line-4,1014,1200,C
Floor-5-Wing-South-Line-2,1481,1500,C
Floor-1-Wing-North-Line-5,788,800,C
Floor-1-Wing-South-Line-1,488,500,B
Floor-3-Wing-South-Line-1,397,500,A
Floor-3-Wing-North-Line-4,1805,2000,C
Floor-1-Wing-South-Line-1,399,500,A
Floor-1-Wing-South-Line-2,1958,2000,C
Floor-3-Wing-South-Line-3,455,500,C
Floor-3-Wing-North-Line-2,2035,2000,C
Floor-5-Wing-North-Line-3,1882,2000,B
Floor-5-Wing-North-Line-1,1926,2000,B
Floor-4-Wing-South-Line-3,427,500,B
Floor-1-Wing-South-Line-5,984,1200,B
Floor-2-Wing-North-Line-1,773,800,C
Floor-4-Wing-South-Line-2,975,1200,A
Floor-4-Wing-North-Line-4,460,500,A
Floor-2-Wing-South-Line-3,475,500,A
Floor-5-Wing-South-Line-5,1048,1200,A
Floor-1-Wing-South-Line-3,1250,1500,B
Floor-1-Wing-South-Line-5,428,500,A
Floor-5-Wing-South-Line-1,1424,1500,A
Floor-2-Wing-North-Line-5,420,500,C
Floor-4-Wing-South-Line-4,786,800,C
Floor-1-Wing-North-Line-1,1602,2000,B
Floor-2-Wing-North-Line-4,422,500,A
Floor-4-Wing-North-Line-3,1188,1200,A
Floor-3-Wing-South-Line-4,1455,1500,C
Floor-4-Wing-North-Line-5,710,800,C
Floor-5-Wing-North-Line-3,755,800,A
Floor-3-Wing-North-Line-3,1764,2000,A
Floor-3-Wing-South-Line-3,1967,2000,B
Floor-1-Wing-North-Line-4,801,800,B
Floor-3-Wing-South-Line-4,742,800,B
Floor-4-Wing-South-Line-3,668,800,A
Floor-3-Wing-South-Line-2,2015,2000,B
Floor-5-Wing-South-Line-3,649,800,B
Floor-3-Wing-North-Line-2,1176,1500,B
Floor-1-Wing-South-Line-1,1446,1500,B
Floor-1-Wing-North-Line-4,780,800,C
Floor-3-Wing-North-Line-2,433,500,B
Floor-4-Wing-North-Line-2,649,800,C
Floor-3-Wing-South-Line-3,785,800,A
Floor-3-Wing-South-Line-1,1707,2000,C
Floor-3-Wing-North-Line-2,2025,2000,C
Floor-4-Wing-North-Line-4,1513,1500,B
Floor-2-Wing-North-Line-1,671,800,C
Floor-2-Wing-South-Line-3,1413,1500,A
Floor-3-Wing-North-Line-5,626,800,B
Floor-3-Wing-North-Line-4,1886,2000,B
Floor-5-Wing-North-Line-1,703,800,C
Floor-1-Wing-South-Line-5,1638,2000,B
Floor-5-Wing-North-Line-3,490,500,B
Floor-1-Wing-North-Line-2,1144,1200,A
Floor-4-Wing-North-Line-1,1515,1500,A
Floor-2-Wing-South-Line-2,756,800,C
Floor-1-Wing-South-Line-2,397,500,A
Floor-1-Wing-North-Line-5,425,500,C
Floor-3-Wing-North-Line-2,1854,2000,C
Floor-1-Wing-North-Line-5,991,1200,C
Floor-4-Wing-South-Line-1,1142,1200,B
Floor-3-Wing-South-Line-4,1689,2000,B
Floor-5-Wing-North-Line-4,1206,1500,C
Floor-2-Wing-North-Line-1,1755,2000,A
Floor-3-Wing-North-Line-3,754,800,A
Floor-2-Wing-South-Line-3,1439,1500,B
Floor-3-Wing-South-Line-4,391,500,A
Floor-2-Wing-South-Line-4,661,800,C
Floor-5-Wing-South-Line-3,1975,2000,A
Floor-4-Wing-South-Line-1,1714,2000,A
Floor-3-Wing-North-Line-2,1271,1500,B
Floor-2-Wing-South-Line-1,1855,2000,A
Floor-3-Wing-North-Line-4,2025,2000,A
Floor-1-Wing-North-Line-2,1188,1500,A
Floor-1-Wing-North-Line-5,737,800,B
Floor-2-Wing-South-Line-3,1229,1500,A
Floor-3-Wing-North-Line-1,1936,2000,A
Floor-4-Wing-South-Line-1,1861,2000,C
Floor-2-Wing-South-Line-4,1239,1500,C
Floor-1-Wing-North-Line-5,1609,2000,B
Floor-4-Wing-South-Line-3,1371,1500,B
Floor-2-Wing-South-Line-1,480,500,C
Floor-2-Wing-South-Line-4,1134,1200,A
Floor-3-Wing-South-Line-1,777,800,C
Floor-4-Wing-North-Line-2,1956,2000,A
Floor-4-Wing-North-Line-5,815,800,A
Floor-5-Wing-North-Line-5,1208,1200,B
Floor-1-Wing-South-Line-3,427,500,B
Floor-1-Wing-South-Line-2,1065,1200,C
Floor-4-Wing-South-Line-2,473,500,C
Floor-2-Wing-North-Line-5,1487,1500,C
Floor-3-Wing-South-Line-4,1345,1500,C
Floor-2-Wing-South-Line-1,1101,1200,C
Floor-1-Wing-North-Line-5,769,800,A
Floor-2-Wing-North-Line-5,1170,1200,B
Floor-4-Wing-North-Line-5,1999,2000,A
Floor-3-Wing-North-Line-2,1009,1200,B
Floor-3-Wing-South-Line-1,451,500,A
Floor-1-Wing-South-Line-4,671,800,C
Floor-5-Wing-North-Line-2,961,1200,B
Floor-5-Wing-South-Line-5,1832,2000,B
Floor-5-Wing-North-Line-2,1014,1200,A
Floor-3-Wing-North-Line-3,639,800,B
Floor-5-Wing-North-Line-5,756,800,B
Floor-1-Wing-South-Line-1,1163,1200,B
Floor-4-Wing-North-Line-2,1957,2000,A
Floor-2-Wing-South-Line-1,1188,1500,B
Floor-5-Wing-North-Line-2,1483,1500,B
Floor-1-Wing-South-Line-3,1096,1200,B
Floor-2-Wing-North-Line-3,655,800,C
Floor-1-Wing-North-Line-2,506,500,A
Floor-3-Wing-North-Line-1,443,500,B
Floor-5-Wing-South-Line-4,1024,1200,C
Floor-5-Wing-South-Line-5,1441,1500,A
Floor-4-Wing-North-Line-1,1484,1500,A
Floor-5-Wing-South-Line-4,1981,2000,C
Floor-1-Wing-North-Line-5,644,800,A
Floor-2-Wing-South-Line-4,432,500,C
Floor-5-Wing-North-Line-4,1354,1500,A
Floor-4-Wing-South-Line-3,1411,1500,A
Floor-5-Wing-North-Line-3,1358,1500,A
Floor-3-Wing-South-Line-3,1196,1200,A
Floor-1-Wing-North-Line-2,1057,1200,C
Floor-4-Wing-South-Line-5,1433,1500,A
Floor-4-Wing-South-Line-2,500,500,B
Floor-3-Wing-North-Line-2,1428,1500,A
Floor-4-Wing-North-Line-4,700,800,C
Floor-5-Wing-South-Line-4,1081,1200,A
Floor-3-Wing-South-Line-5,422,500,B
Floor-4-Wing-North-Line-5,408,500,B
Floor-3-Wing-South-Line-3,694,800,C
Floor-1-Wing-South-Line-5,1449,1500,B
Floor-4-Wing-South-Line-3,731,800,A
Floor-1-Wing-South-Line-2,1038,1200,B
Floor-3-Wing-South-Line-2,688,800,A
Floor-1-Wing-North-Line-1,473,500,C
Floor-4-Wing-South-Line-1,802,800,C
Floor-1-Wing-South-Line-5,1833,2000,C
Floor-2-Wing-North-Line-5,702,800,C
Floor-5-Wing-North-Line-4,749,800,B
Floor-2-Wing-North-Line-2,459,500,B
Floor-3-Wing-South-Line-3,1772,2000,C
Floor-3-Wing-North-Line-5,497,500,A
Floor-4-Wing-South-Line-5,448,500,A
Floor-4-Wing-North-Line-5,647,800,B
Floor-4-Wing-North-Line-3,789,800,C
Floor-2-Wing-North-Line-2,1925,2000,C
Floor-2-Wing-North-Line-5,953,1200,B
Floor-5-Wing-South-Line-3,1035,1200,A
Floor-3-Wing-North-Line-3,1148,1200,C
Floor-1-Wing-South-Line-2,1051,1200,C
Floor-1-Wing-South-Line-1,1578,2000,B
Floor-5-Wing-South-Line-3,682,800,C
Floor-1-Wing-South-Line-5,1627,2000,B
Floor-5-Wing-North-Line-4,710,800,C
Floor-5-Wing-North-Line-1,454,500,A
Floor-4-Wing-North-Line-5,1233,1500,C
Floor-2-Wing-South-Line-3,963,1200,C
Floor-4-Wing-South-Line-4,626,800,C
Floor-5-Wing-South-Line-2,1138,1200,A
Floor-2-Wing-North-Line-4,1913,2000,B
Floor-1-Wing-South-Line-1,495,500,B
Floor-5-Wing-South-Line-1,412,500,A
Floor-4-Wing-North-Line-4,1244,1500,C
Floor-2-Wing-North-Line-3,1259,1500,A
Floor-4-Wing-South-Line-5,1082,1200,C
Floor-1-Wing-North-Line-2,1889,2000,B
Floor-1-Wing-South-Line-4,471,500,C
Floor-4-Wing-North-Line-3,700,800,A
Floor-5-Wing-North-Line-3,398,500,C
Floor-3-Wing-North-Line-5,1153,1200,C
Floor-1-Wing-South-Line-3,1656,2000,C
Floor-5-Wing-South-Line-4,1073,1200,C
Floor-1-Wing-South-Line-2,475,500,A
Floor-2-Wing-North-Line-1,1634,2000,B
Floor-4-Wing-North-Line-3,435,500,A
Floor-4-Wing-South-Line-1,1974,2000,B
Floor-5-Wing-South-Line-3,1368,1500,B
Floor-5-Wing-South-Line-3,1639,2000,B
Floor-5-Wing-North-Line-1,468,500,C
Floor-3-Wing-North-Line-4,1207,1500,C
Floor-4-Wing-North-Line-4,1436,1500,C
Floor-4-Wing-South-Line-1,1272,1500,A
Floor-3-Wing-South-Line-1,1318,1500,B
Floor-5-Wing-North-Line-5,503,500,B
Floor-4-Wing-South-Line-1,637,800,C
Floor-3-Wing-North-Line-1,716,800,A
Floor-4-Wing-North-Line-2,624,800,C
Floor-4-Wing-South-Line-5,720,800,B
Floor-5-Wing-North-Line-4,800,800,B
Floor-2-Wing-South-Line-5,652,800,A
Floor-5-Wing-South-Line-3,1489,1500,B
Floor-3-Wing-North-Line-4,956,1200,A
Floor-2-Wing-South-Line-1,505,500,A
Floor-2-Wing-North-Line-4,701,800,C
Floor-1-Wing-North-Line-2,1037,1200,C
Floor-3-Wing-North-Line-3,812,800,C
Floor-4-Wing-South-Line-3,470,500,B
Floor-1-Wing-North-Line-4,1370,1500,C
Floor-2-Wing-North-Line-3,1149,1200,B
Floor-5-Wing-South-Line-3,450,500,C
Floor-2-Wing-South-Line-4,1840,2000,C
Floor-3-Wing-South-Line-2,1815,2000,B
Floor-1-Wing-North-Line-5,466,500,A
Floor-4-Wing-South-Line-1,1596,2000,A
Floor-2-Wing-South-Line-3,689,800,C
Floor-2-Wing-South-Line-2,1975,2000,C
Floor-3-Wing-South-Line-2,1189,1500,B
Floor-5-Wing-South-Line-1,454,500,B
Floor-5-Wing-South-Line-1,1064,1200,C
Floor-5-Wing-North-Line-1,794,800,A
Floor-1-Wing-North-Line-4,1423,1500,B
Floor-1-Wing-South-Line-5,981,1200,A
Floor-2-Wing-South-Line-4,1196,1500,B
Floor-5-Wing-North-Line-5,1398,1500,A
Floor-5-Wing-North-Line-1,1897,2000,C
Floor-1-Wing-South-Line-2,472,500,B
Floor-2-Wing-North-Line-2,1077,1200,A
Floor-5-Wing-South-Line-5,471,500,B
Floor-3-Wing-North-Line-4,1408,1500,B
Floor-4-Wing-North-Line-3,1275,1500,B
Floor-4-Wing-South-Line-3,505,500,B
Floor-5-Wing-North-Line-5,1568,2000,B
Floor-5-Wing-North-Line-2,456,500,B
Floor-1-Wing-South-Line-4,502,500,B
Floor-5-Wing-North-Line-5,1885,2000,A
Floor-4-Wing-South-Line-3,1600,2000,A
Floor-4-Wing-North-Line-3,444,500,C
Floor-1-Wing-South-Line-5,1044,1200,C
Floor-1-Wing-North-Line-2,1862,2000,C
Floor-1-Wing-South-Line-5,1701,2000,A
Floor-1-Wing-South-Line-2,451,500,B
Floor-1-Wing-North-Line-1,1173,1200,A
Floor-3-Wing-North-Line-3,1594,2000,C
Floor-1-Wing-South-Line-1,1804,2000,B
Floor-3-Wing-North-Line-1,426,500,C
Floor-3-Wing-North-Line-2,430,500,B
Floor-3-Wing-South-Line-3,1151,1200,A
Floor-2-Wing-South-Line-4,1347,1500,B
Floor-5-Wing-North-Line-2,2027,2000,C
Floor-3-Wing-North-Line-4,1087,1200,A
Floor-1-Wing-North-Line-3,2002,2000,B
Floor-2-Wing-South-Line-1,1308,1500,B
Floor-5-Wing-North-Line-4,1059,1200,C
Floor-2-Wing-South-Line-1,716,800,B
Floor-1-Wing-South-Line-5,428,500,B
Floor-1-Wing-North-Line-4,625,800,B
Floor-1-Wing-North-Line-4,1868,2000,C
Floor-4-Wing-North-Line-3,1976,2000,A
Floor-1-Wing-South-Line-2,1982,2000,B
Floor-1-Wing-North-Line-2,1957,2000,C
Floor-4-Wing-South-Line-1,2017,2000,A
Floor-1-Wing-South-Line-2,1178,1500,B
Floor-4-Wing-South-Line-3,643,800,C
Floor-4-Wing-South-Line-1,1649,2000,C
Floor-1-Wing-North-Line-5,960,1200,A
Floor-4-Wing-South-Line-3,1691,2000,A
Floor-4-Wing-South-Line-2,454,500,B
Floor-5-Wing-North-Line-3,970,1200,A
Floor-1-Wing-North-Line-3,415,500,A
Floor-4-Wing-North-Line-5,733,800,A
Floor-1-Wing-North-Line-5,1113,1200,B
Floor-2-Wing-North-Line-4,1186,1200,C
Floor-5-Wing-South-Line-1,1026,1200,C
Floor-4-Wing-South-Line-3,440,500,A
Floor-3-Wing-South-Line-3,711,800,B
Floor-5-Wing-South-Line-4,749,800,C
Floor-5-Wing-North-Line-4,1202,1200,A
Floor-5-Wing-North-Line-2,1119,1200,B
Floor-4-Wing-North-Line-1,1511,1500,B
Floor-2-Wing-North-Line-1,749,800,C
Floor-1-Wing-North-Line-4,408,500,A
Floor-2-Wing-South-Line-2,690,800,A
Floor-1-Wing-North-Line-1,701,800,C
Floor-3-Wing-North-Line-1,735,800,A
Floor-4-Wing-South-Line-5,1844,2000,A
Floor-3-Wing-South-Line-1,1342,1500,A
Floor-5-Wing-South-Line-5,688,800,B
Floor-2-Wing-North-Line-3,1068,1200,C
Floor-4-Wing-North-Line-2,1108,1200,B
Floor-2-Wing-North-Line-4,655,800,B
Floor-1-Wing-North-Line-3,1405,1500,B
Floor-5-Wing-South-Line-1,987,1200,C
Floor-3-Wing-South-Line-5,647,800,B
Floor-4-Wing-North-Line-2,957,1200,C
Floor-5-Wing-South-Line-3,492,500,B
Floor-4-Wing-South-Line-1,1373,1500,A
Floor-2-Wing-South-Line-1,1157,1200,A
Floor-5-Wing-South-Line-1,1241,1500,B
Floor-5-Wing-South-Line-1,1877,2000,B
Floor-5-Wing-North-Line-1,710,800,A
Floor-3-Wing-North-Line-5,1252,1500,B
Floor-5-Wing-North-Line-5,1037,1200,B
Floor-1-Wing-South-Line-4,791,800,B
Floor-5-Wing-North-Line-4,634,800,B
Floor-2-Wing-South-Line-4,1128,1200,B
Floor-4-Wing-North-Line-1,813,800,C
Floor-5-Wing-North-Line-3,431,500,B
Floor-3-Wing-South-Line-5,1105,1200,C
Floor-2-Wing-North-Line-4,2017,2000,A
Floor-1-Wing-South-Line-2,690,800,A
Floor-2-Wing-North-Line-1,493,500,A
Floor-3-Wing-South-Line-5,1670,2000,B
Floor-3-Wing-North-Line-2,1850,2000,C
Floor-4-Wing-North-Line-4,1199,1200,A
Floor-3-Wing-North-Line-3,491,500,C
Floor-2-Wing-North-Line-3,1577,2000,B
Floor-3-Wing-South-Line-3,1763,2000,A
Floor-5-Wing-North-Line-1,1496,1500,C
Floor-1-Wing-North-Line-2,1210,1500,B
Floor-2-Wing-North-Line-4,1903,2000,A
Floor-5-Wing-South-Line-1,404,500,A
Floor-4-Wing-North-Line-5,783,800,A
Floor-5-Wing-South-Line-3,789,800,C
Floor-5-Wing-North-Line-5,459,500,B
Floor-1-Wing-North-Line-3,1824,2000,A
Floor-3-Wing-North-Line-5,1160,1200,A
Floor-3-Wing-North-Line-4,1964,2000,C
Floor-4-Wing-South-Line-1,456,500,B
Floor-5-Wing-South-Line-3,1577,2000,A
Floor-4-Wing-South-Line-2,698,800,B
Floor-2-Wing-South-Line-2,1356,1500,A
Floor-4-Wing-North-Line-2,1646,2000,B
Floor-2-Wing-South-Line-4,1419,1500,B
Floor-5-Wing-South-Line-4,1220,1200,A
Floor-5-Wing-North-Line-5,1986,2000,B
Floor-5-Wing-North-Line-4,1244,1500,B
Floor-2-Wing-North-Line-5,1186,1200,C
Floor-5-Wing-South-Line-2,1150,1200,A
Floor-5-Wing-North-Line-5,425,500,B
Floor-2-Wing-North-Line-4,1432,1500,B
Floor-5-Wing-North-Line-3,1450,1500,B
Floor-1-Wing-South-Line-3,1208,1200,A
Floor-2-Wing-South-Line-4,959,1200,C
Floor-1-Wing-South-Line-1,481,500,B
Floor-1-Wing-North-Line-1,1804,2000,A
Floor-4-Wing-South-Line-2,1952,2000,C
Floor-2-Wing-North-Line-4,413,500,B
Floor-1-Wing-North-Line-2,492,500,A
Floor-3-Wing-South-Line-3,1726,2000,A
Floor-3-Wing-South-Line-3,1875,2000,C
Floor-4-Wing-South-Line-4,1430,1500,A
Floor-4-Wing-North-Line-4,1012,1200,B
Floor-4-Wing-North-Line-2,1134,1200,B
Floor-4-Wing-South-Line-5,1443,1500,C
Floor-1-Wing-South-Line-5,450,500,C
Floor-3-Wing-South-Line-3,1894,2000,B
Floor-2-Wing-South-Line-1,1639,2000,A
Floor-3-Wing-South-Line-4,1662,2000,C
Floor-2-Wing-South-Line-1,404,500,B
Floor-4-Wing-North-Line-3,1864,2000,A
Floor-2-Wing-South-Line-4,724,800,A
Floor-4-Wing-North-Line-1,638,800,C
Floor-4-Wing-South-Line-2,1216,1200,B
Floor-3-Wing-South-Line-1,424,500,A
Floor-2-Wing-North-Line-3,1180,1200,C
Floor-3-Wing-North-Line-5,1641,2000,A
Floor-2-Wing-North-Line-1,1098,1200,B
Floor-4-Wing-North-Line-4,1049,1200,C
Floor-5-Wing-South-Line-5,641,800,B
Floor-5-Wing-South-Line-5,703,800,B
Floor-2-Wing-North-Line-1,1198,1500,C
Floor-3-Wing-South-Line-1,1320,1500,C
Floor-3-Wing-South-Line-3,1578,2000,C
Floor-3-Wing-South-Line-4,1679,2000,C
Floor-2-Wing-South-Line-3,1348,1500,C
Floor-1-Wing-North-Line-5,1006,1200,B
Floor-3-Wing-South-Line-1,802,800,B
Floor-3-Wing-South-Line-5,1947,2000,C
Floor-2-Wing-South-Line-5,1349,1500,C
Floor-1-Wing-South-Line-4,1018,1200,C
Floor-3-Wing-North-Line-2,639,800,B
Floor-3-Wing-North-Line-3,1213,1200,C
Floor-2-Wing-North-Line-4,1568,2000,B
Floor-4-Wing-South-Line-1,1702,2000,B
Floor-5-Wing-South-Line-1,401,500,B
Floor-5-Wing-South-Line-2,1853,2000,C
Floor-2-Wing-South-Line-3,1768,2000,B
Floor-1-Wing-North-Line-1,1563,2000,C
Floor-1-Wing-North-Line-2,1400,1500,A
Floor-5-Wing-North-Line-2,1903,2000,A
Floor-4-Wing-South-Line-4,1637,2000,B
Floor-4-Wing-South-Line-1,438,500,C
Floor-1-Wing-South-Line-3,1812,2000,A
Floor-5-Wing-North-Line-2,1999,2000,B
Floor-5-Wing-North-Line-3,402,500,B
Floor-2-Wing-South-Line-2,1677,2000,C
Floor-5-Wing-North-Line-2,1433,1500,A
Floor-5-Wing-North-Line-3,1836,2000,A
Floor-1-Wing-South-Line-3,1993,2000,C
Floor-3-Wing-South-Line-1,1506,1500,C
Floor-2-Wing-South-Line-1,1486,1500,C
Floor-4-Wing-South-Line-5,506,500,A
Floor-4-Wing-North-Line-1,1839,2000,B
Floor-1-Wing-South-Line-2,654,800,A
Floor-5-Wing-North-Line-5,1527,1500,B
Floor-3-Wing-South-Line-3,667,800,B
Floor-5-Wing-North-Line-5,500,500,A
Floor-5-Wing-South-Line-4,682,800,C
Floor-2-Wing-North-Line-4,1243,1500,B
Floor-5-Wing-North-Line-1,1424,1500,A
Floor-1-Wing-South-Line-3,645,800,B
Floor-4-Wing-South-Line-2,989,1200,C
Floor-2-Wing-North-Line-3,1705,2000,C
Floor-2-Wing-North-Line-4,1108,1200,C
Floor-2-Wing-North-Line-4,1208,1200,B
Floor-2-Wing-North-Line-4,986,1200,B
Floor-5-Wing-North-Line-3,1694,2000,A
Floor-4-Wing-South-Line-4,2027,2000,C
Floor-2-Wing-North-Line-1,780,800,B
Floor-3-Wing-South-Line-5,1989,2000,C
Floor-5-Wing-North-Line-4,1384,1500,A
Floor-4-Wing-South-Line-4,633,800,B
Floor-4-Wing-South-Line-3,1479,1500,B
Floor-2-Wing-South-Line-4,1048,1200,C
Floor-2-Wing-South-Line-1,452,500,C
Floor-3-Wing-South-Line-4,673,800,C
Floor-1-Wing-South-Line-3,649,800,B
Floor-1-Wing-North-Line-4,1139,1200,C
Floor-2-Wing-North-Line-2,801,800,C
Floor-5-Wing-North-Line-1,1956,2000,B
Floor-3-Wing-South-Line-2,1193,1500,C
Floor-5-Wing-South-Line-3,1596,2000,A
Floor-3-Wing-South-Line-5,773,800,A
Floor-2-Wing-North-Line-4,1500,1500,B
Floor-5-Wing-South-Line-5,1918,2000,B
Floor-4-Wing-South-Line-1,1304,1500,B
Floor-2-Wing-South-Line-5,1625,2000,A
Floor-1-Wing-North-Line-5,2010,2000,B
Floor-2-Wing-South-Line-1,1513,1500,A
Floor-3-Wing-North-Line-1,1033,1200,A
Floor-5-Wing-South-Line-2,1639,2000,C
Floor-2-Wing-South-Line-5,1208,1200,B
Floor-2-Wing-South-Line-4,960,1200,A
Floor-2-Wing-South-Line-4,1334,1500,C
Floor-5-Wing-North-Line-2,483,500,A
Floor-4-Wing-South-Line-5,499,500,C
Floor-5-Wing-South-Line-1,1585,2000,A
Floor-3-Wing-South-Line-2,668,800,A
Floor-5-Wing-North-Line-3,1461,1500,C
Floor-2-Wing-North-Line-4,472,500,B
Floor-4-Wing-North-Line-1,507,500,C
Floor-3-Wing-South-Line-2,777,800,C
Floor-3-Wing-North-Line-3,1037,1200,B
Floor-1-Wing-North-Line-5,805,800,A
Floor-4-Wing-South-Line-2,1415,1500,A
Floor-2-Wing-South-Line-5,454,500,A
Floor-5-Wing-North-Line-4,1405,1500,C
Floor-5-Wing-North-Line-1,746,800,B
Floor-2-Wing-South-Line-1,739,800,B
Floor-1-Wing-South-Line-2,701,800,B
Floor-2-Wing-South-Line-5,1903,2000,C
Floor-5-Wing-South-Line-5,964,1200,C
Floor-5-Wing-South-Line-2,1200,1500,C
Floor-3-Wing-South-Line-2,1578,2000,C
Floor-5-Wing-South-Line-2,1778,2000,B
Floor-2-Wing-North-Line-4,1064,1200,C
Floor-5-Wing-South-Line-5,1560,2000,C
Floor-3-Wing-South-Line-4,471,500,B
Floor-5-Wing-South-Line-1,637,800,B
Floor-5-Wing-North-Line-3,427,500,A
Floor-4-Wing-South-Line-4,1753,2000,C
Floor-1-Wing-South-Line-5,509,500,B
Floor-1-Wing-South-Line-5,1779,2000,C
Floor-4-Wing-South-Line-2,1726,2000,B
Floor-3-Wing-South-Line-4,1264,1500,C
Floor-5-Wing-South-Line-5,1041,1200,C
Floor-2-Wing-South-Line-5,482,500,A
Floor-2-Wing-South-Line-5,706,800,B
Floor-1-Wing-South-Line-1,1386,1500,A
Floor-2-Wing-South-Line-4,741,800,C
Floor-4-Wing-North-Line-1,762,800,A
Floor-1-Wing-South-Line-2,1339,1500,B
Floor-2-Wing-South-Line-5,1794,2000,C
Floor-3-Wing-North-Line-3,1072,1200,B
Floor-1-Wing-South-Line-2,1216,1500,C
Floor-3-Wing-South-Line-3,1048,1200,A
Floor-2-Wing-South-Line-3,431,500,A
Floor-4-Wing-South-Line-4,1619,2000,C
Floor-4-Wing-South-Line-1,1023,1200,A
Floor-1-Wing-South-Line-3,999,1200,C
Floor-3-Wing-North-Line-1,941,1200,C
Floor-4-Wing-South-Line-1,1371,1500,A
Floor-4-Wing-North-Line-3,1900,2000,A
Floor-1-Wing-South-Line-2,1149,1200,C
Floor-1-Wing-North-Line-2,1579,2000,B
Floor-3-Wing-North-Line-3,739,800,C
Floor-5-Wing-North-Line-5,390,500,B
Floor-2-Wing-North-Line-1,1315,1500,A
Floor-5-Wing-South-Line-3,699,800,C
Floor-5-Wing-North-Line-4,423,500,A
Floor-2-Wing-South-Line-3,434,500,B
Floor-4-Wing-North-Line-2,1765,2000,C
Floor-4-Wing-South-Line-3,1945,2000,A
Floor-1-Wing-South-Line-5,1173,1500,A
Floor-5-Wing-South-Line-2,445,500,A
Floor-1-Wing-South-Line-5,2030,2000,B
Floor-1-Wing-North-Line-4,1285,1500,B
Floor-5-Wing-South-Line-5,409,500,C
Floor-2-Wing-South-Line-4,430,500,C
Floor-4-Wing-North-Line-3,490,500,A
Floor-4-Wing-North-Line-4,1084,1200,A
Floor-4-Wing-North-Line-3,493,500,B
Floor-1-Wing-North-Line-4,953,1200,C
Floor-3-Wing-North-Line-3,444,500,B
Floor-2-Wing-North-Line-3,1958,2000,B
Floor-3-Wing-North-Line-4,408,500,A
Floor-3-Wing-North-Line-3,736,800,B
Floor-1-Wing-South-Line-3,1148,1200,A
Floor-1-Wing-South-Line-3,508,500,A
Floor-4-Wing-North-Line-2,1847,2000,B
Floor-1-Wing-South-Line-5,1344,1500,C
Floor-3-Wing-North-Line-4,1212,1200,C
Floor-1-Wing-North-Line-5,780,800,C
Floor-1-Wing-South-Line-5,744,800,B
Floor-1-Wing-North-Line-4,810,800,C
Floor-5-Wing-South-Line-4,790,800,A
Floor-5-Wing-South-Line-5,1670,2000,C
Floor-4-Wing-South-Line-1,1986,2000,B
Floor-3-Wing-North-Line-1,475,500,C
Floor-1-Wing-South-Line-5,1511,1500,C
Floor-4-Wing-North-Line-2,390,500,B
Floor-4-Wing-South-Line-2,1211,1500,B
Floor-5-Wing-North-Line-4,746,800,B
Floor-4-Wing-South-Line-4,1350,1500,B
Floor-2-Wing-North-Line-3,1469,1500,C
Floor-5-Wing-North-Line-4,1561,2000,C
Floor-5-Wing-South-Line-1,1097,1200,B
Floor-5-Wing-North-Line-3,445,500,C
Floor-2-Wing-South-Line-1,641,800,B
Floor-1-Wing-South-Line-4,506,500,A
Floor-4-Wing-North-Line-2,1749,2000,B
Floor-4-Wing-South-Line-5,981,1200,B
Floor-4-Wing-South-Line-5,1919,2000,A
Floor-5-Wing-South-Line-2,695,800,B
Floor-4-Wing-North-Line-5,1195,1200,B
Floor-2-Wing-North-Line-4,493,500,B
Floor-1-Wing-North-Line-1,493,500,B
Floor-2-Wing-South-Line-4,1097,1200,C
Floor-4-Wing-North-Line-3,1668,2000,B
Floor-4-Wing-South-Line-5,427,500,C
Floor-2-Wing-South-Line-3,474,500,C
Floor-4-Wing-North-Line-5,503,500,A
Floor-3-Wing-North-Line-2,756,800,A
Floor-3-Wing-South-Line-4,1018,1200,B
Floor-2-Wing-South-Line-2,1476,1500,B
Floor-5-Wing-North-Line-5,1166,1200,A
Floor-5-Wing-South-Line-3,1789,2000,C
Floor-4-Wing-South-Line-1,745,800,B
Floor-5-Wing-North-Line-3,703,800,B
Floor-2-Wing-South-Line-3,640,800,A
Floor-4-Wing-South-Line-1,1108,1200,B
Floor-1-Wing-North-Line-3,664,800,C
Floor-3-Wing-North-Line-4,1411,1500,C
Floor-4-Wing-North-Line-1,401,500,A
Floor-4-Wing-South-Line-4,1326,1500,B
Floor-3-Wing-North-Line-2,403,500,C
Floor-3-Wing-South-Line-3,1941,2000,B
Floor-3-Wing-North-Line-2,629,800,A
Floor-4-Wing-North-Line-1,1006,1200,C
Floor-3-Wing-North-Line-2,2012,2000,C
Floor-4-Wing-North-Line-1,811,800,A
Floor-4-Wing-North-Line-1,401,500,C
Floor-1-Wing-North-Line-2,1230,1500,A
Floor-4-Wing-South-Line-2,734,800,A
Floor-2-Wing-North-Line-5,972,1200,A
Floor-5-Wing-North-Line-1,747,800,A
Floor-5-Wing-South-Line-5,1867,2000,B
Floor-4-Wing-South-Line-3,401,500,B
Floor-3-Wing-South-Line-4,644,800,C
Floor-2-Wing-South-Line-3,450,500,B
Floor-2-Wing-North-Line-1,1890,2000,B
Floor-5-Wing-South-Line-2,1065,1200,A
Floor-1-Wing-North-Line-4,1392,1500,B
Floor-4-Wing-South-Line-4,1774,2000,B
Floor-5-Wing-North-Line-3,1043,1200,A
Floor-5-Wing-North-Line-4,735,800,B
Floor-5-Wing-South-Line-1,1006,1200,B
Floor-5-Wing-South-Line-2,1315,1500,A
Floor-1-Wing-North-Line-2,1441,1500,C
Floor-3-Wing-North-Line-1,1818,2000,C
Floor-5-Wing-South-Line-5,1946,2000,C
Floor-2-Wing-North-Line-3,1779,2000,A
Floor-4-Wing-North-Line-1,1034,1200,A
Floor-5-Wing-North-Line-3,1179,1200,C
Floor-5-Wing-South-Line-2,986,1200,B
Floor-2-Wing-South-Line-5,474,500,C
Floor-4-Wing-South-Line-3,1037,1200,B
Floor-3-Wing-South-Line-1,1575,2000,C
Floor-2-Wing-North-Line-4,1726,2000,A
Floor-2-Wing-South-Line-3,1290,1500,C
Floor-3-Wing-South-Line-3,1122,1200,C
Floor-4-Wing-South-Line-3,395,500,B
Floor-5-Wing-North-Line-4,450,500,A
Floor-5-Wing-North-Line-2,1129,1200,A
Floor-4-Wing-North-Line-4,445,500,B
Floor-5-Wing-North-Line-4,1216,1200,C
Floor-5-Wing-North-Line-4,721,800,B
Floor-1-Wing-South-Line-2,1589,2000,A
Floor-2-Wing-North-Line-5,504,500,C
Floor-5-Wing-South-Line-4,996,1200,A
Floor-1-Wing-South-Line-5,500,500,B
Floor-4-Wing-South-Line-1,716,800,A
Floor-4-Wing-South-Line-2,1334,1500,C
Floor-4-Wing-South-Line-4,629,800,A
Floor-4-Wing-North-Line-5,417,500,A
Floor-4-Wing-North-Line-4,1291,1500,B
Floor-5-Wing-South-Line-1,1089,1200,B
Floor-3-Wing-North-Line-2,1498,1500,C
Floor-1-Wing-North-Line-4,1102,1200,C
Floor-1-Wing-South-Line-2,410,500,B
Floor-4-Wing-North-Line-5,1235,1500,C
Floor-3-Wing-North-Line-2,425,500,C
Floor-4-Wing-North-Line-4,1217,1500,A
Floor-1-Wing-South-Line-4,1575,2000,C
Floor-2-Wing-South-Line-5,437,500,A
Floor-4-Wing-North-Line-3,1953,2000,C
Floor-3-Wing-North-Line-4,1666,2000,C
Floor-1-Wing-South-Line-5,1752,2000,A
Floor-4-Wing-North-Line-1,443,500,C
Floor-4-Wing-South-Line-2,995,1200,B
Floor-1-Wing-North-Line-1,731,800,A
Floor-5-Wing-South-Line-2,1229,1500,B
Floor-5-Wing-North-Line-5,1600,2000,C
Floor-1-Wing-South-Line-2,1038,1200,B
Floor-3-Wing-North-Line-5,1607,2000,A
Floor-4-Wing-North-Line-1,1372,1500,B
Floor-2-Wing-North-Line-1,654,800,A
Floor-5-Wing-North-Line-3,1095,1200,B
Floor-5-Wing-South-Line-3,494,500,B
Floor-1-Wing-South-Line-1,1465,1500,B
Floor-2-Wing-North-Line-4,639,800,A
Floor-3-Wing-North-Line-1,1043,1200,B
Floor-3-Wing-North-Line-2,1518,1500,B
Floor-3-Wing-South-Line-2,1339,1500,A
Floor-2-Wing-South-Line-3,1104,1200,A
Floor-3-Wing-South-Line-5,471,500,A
Floor-1-Wing-South-Line-5,485,500,B
Floor-1-Wing-North-Line-1,1608,2000,C
Floor-3-Wing-South-Line-1,1335,1500,B
Floor-5-Wing-South-Line-4,1031,1200,B
Floor-5-Wing-North-Line-2,1233,1500,C
Floor-1-Wing-North-Line-2,1216,1500,B
Floor-3-Wing-North-Line-2,1075,1200,C
Floor-2-Wing-South-Line-2,1901,2000,A
Floor-5-Wing-South-Line-1,425,500,C
Floor-4-Wing-South-Line-1,779,800,B
Floor-3-Wing-South-Line-1,649,800,C
Floor-5-Wing-North-Line-4,482,500,B
Floor-1-Wing-North-Line-3,1113,1200,A
Floor-2-Wing-South-Line-1,1046,1200,C
Floor-1-Wing-North-Line-5,769,800,C
Floor-3-Wing-South-Line-3,1255,1500,A
Floor-1-Wing-North-Line-3,457,500,B
Floor-5-Wing-North-Line-2,1144,1200,A
Floor-4-Wing-North-Line-5,1444,1500,C
Floor-3-Wing-South-Line-2,774,800,C
Floor-4-Wing-South-Line-5,1019,1200,B
Floor-5-Wing-North-Line-3,1082,1200,B
Floor-2-Wing-North-Line-2,1748,2000,A
Floor-2-Wing-South-Line-4,1519,1500,C
Floor-5-Wing-North-Line-2,442,500,B
Floor-3-Wing-North-Line-4,1372,1500,B
Floor-2-Wing-South-Line-5,1742,2000,B
Floor-2-Wing-South-Line-2,1225,1500,C
Floor-3-Wing-South-Line-1,1240,1500,B
Floor-4-Wing-North-Line-2,1074,1200,C
Floor-4-Wing-North-Line-1,430,500,B
Floor-1-Wing-North-Line-3,1068,1200,B
Floor-5-Wing-North-Line-2,416,500,A
Floor-2-Wing-South-Line-3,1938,2000,A
Floor-2-Wing-South-Line-4,783,800,B
Floor-1-Wing-North-Line-4,1841,2000,A
Floor-1-Wing-North-Line-4,1187,1200,B
Floor-5-Wing-North-Line-4,1183,1500,A
Floor-3-Wing-North-Line-5,410,500,C
Floor-5-Wing-South-Line-3,473,500,C
Floor-5-Wing-South-Line-4,1904,2000,B
Floor-3-Wing-North-Line-4,744,800,C
Floor-5-Wing-South-Line-5,962,1200,C
Floor-4-Wing-South-Line-4,1061,1200,B
Floor-4-Wing-North-Line-5,446,500,A
Floor-1-Wing-South-Line-5,1400,1500,A
Floor-1-Wing-North-Line-2,1591,2000,B
Floor-4-Wing-North-Line-4,1937,2000,C
Floor-1-Wing-North-Line-4,657,800,B
Floor-2-Wing-South-Line-5,1018,1200,C
Floor-1-Wing-South-Line-5,2004,2000,B
Floor-1-Wing-South-Line-2,401,500,A
Floor-1-Wing-North-Line-1,1179,1200,A
Floor-5-Wing-South-Line-3,1160,1200,B
Floor-4-Wing-South-Line-2,489,500,A
Floor-5-Wing-North-Line-1,659,800,C
Floor-2-Wing-North-Line-1,746,800,B
Floor-5-Wing-North-Line-5,422,500,B
Floor-3-Wing-North-Line-4,646,800,A
Floor-1-Wing-South-Line-3,1921,2000,B
Floor-5-Wing-South-Line-3,1197,1200,B
Floor-5-Wing-South-Line-1,737,800,C
Floor-5-Wing-North-Line-2,448,500,B
Floor-3-Wing-North-Line-5,1996,2000,C
Floor-3-Wing-South-Line-1,1056,1200,B
Floor-4-Wing-South-Line-1,1090,1200,C
Floor-5-Wing-South-Line-1,1305,1500,A
Floor-2-Wing-South-Line-4,1821,2000,A
Floor-1-Wing-South-Line-4,1759,2000,A
Floor-4-Wing-North-Line-1,1790,2000,A
Floor-5-Wing-North-Line-4,715,800,C
Floor-5-Wing-South-Line-3,506,500,A
Floor-2-Wing-North-Line-4,1338,1500,C
Floor-2-Wing-South-Line-2,403,500,C
Floor-5-Wing-North-Line-2,1356,1500,C
Floor-1-Wing-North-Line-5,2025,2000,B
Floor-1-Wing-North-Line-5,1318,1500,A
Floor-2-Wing-South-Line-5,947,1200,B
Floor-4-Wing-North-Line-3,484,500,C
Floor-4-Wing-South-Line-2,1951,2000,B
Floor-5-Wing-South-Line-4,1045,1200,C
Floor-5-Wing-North-Line-3,1329,1500,A
Floor-5-Wing-North-Line-4,1428,1500,B
Floor-5-Wing-South-Line-4,1798,2000,A
Floor-4-Wing-South-Line-5,1335,1500,B
Floor-2-Wing-North-Line-4,1106,1200,B
Floor-1-Wing-North-Line-5,443,500,C
Floor-2-Wing-South-Line-3,1945,2000,A
Floor-2-Wing-North-Line-4,1413,1500,B
Floor-5-Wing-North-Line-4,1172,1200,B
Floor-3-Wing-North-Line-4,774,800,C
Floor-5-Wing-North-Line-4,1239,1500,B
Floor-2-Wing-South-Line-2,486,500,A
Floor-2-Wing-South-Line-4,438,500,A
Floor-2-Wing-South-Line-4,652,800,B
Floor-2-Wing-South-Line-4,1137,1200,C
Floor-5-Wing-South-Line-3,1641,2000,A
Floor-5-Wing-North-Line-3,1025,1200,C
Floor-1-Wing-North-Line-3,691,800,B
Floor-3-Wing-South-Line-4,425,500,A
Floor-2-Wing-South-Line-2,781,800,C
Floor-1-Wing-South-Line-5,770,800,B
Floor-1-Wing-South-Line-5,946,1200,C
Floor-1-Wing-South-Line-3,1968,2000,A
Floor-4-Wing-North-Line-1,638,800,A
Floor-3-Wing-South-Line-5,981,1200,B
Floor-2-Wing-North-Line-5,804,800,C
Floor-4-Wing-South-Line-3,416,500,A
Floor-2-Wing-North-Line-2,780,800,B
Floor-2-Wing-South-Line-5,643,800,C
Floor-4-Wing-South-Line-4,662,800,B
Floor-3-Wing-South-Line-5,1704,2000,C
Floor-5-Wing-South-Line-1,434,500,C
Floor-4-Wing-North-Line-2,945,1200,C
Floor-2-Wing-South-Line-4,1197,1200,A
Floor-2-Wing-North-Line-3,1188,1500,B
Floor-3-Wing-North-Line-1,1183,1200,C
Floor-5-Wing-South-Line-2,481,500,A
Floor-2-Wing-South-Line-3,1190,1200,C
Floor-4-Wing-North-Line-5,942,1200,A
Floor-4-Wing-South-Line-2,1605,2000,B
Floor-5-Wing-North-Line-3,1190,1200,C
Floor-1-Wing-North-Line-1,479,500,B
Floor-5-Wing-South-Line-3,627,800,C
Floor-4-Wing-North-Line-2,1141,1200,C
Floor-1-Wing-South-Line-5,1766,2000,C
Floor-5-Wing-South-Line-3,1469,1500,A
Floor-4-Wing-North-Line-3,1085,1200,B
Floor-4-Wing-South-Line-4,1009,1200,A
Floor-4-Wing-South-Line-4,1576,2000,A
Floor-2-Wing-North-Line-2,1798,2000,A
Floor-4-Wing-South-Line-2,791,800,A
Floor-2-Wing-South-Line-1,1122,1200,B
Floor-2-Wing-North-Line-5,962,1200,B
Floor-4-Wing-North-Line-5,627,800,A
Floor-1-Wing-North-Line-5,1851,2000,C
Floor-2-Wing-South-Line-1,706,800,A
Floor-3-Wing-South-Line-4,942,1200,C
Floor-2-Wing-North-Line-3,681,800,A
Floor-3-Wing-South-Line-4,1299,1500,B
Floor-1-Wing-South-Line-4,1605,2000,C
Floor-1-Wing-South-Line-3,1360,1500,A
Floor-4-Wing-South-Line-5,800,800,A
Floor-4-Wing-North-Line-2,1500,1500,A
Floor-5-Wing-South-Line-3,970,1200,B
Floor-3-Wing-North-Line-2,1189,1200,C
Floor-3-Wing-North-Line-4,941,1200,C
Floor-4-Wing-North-Line-1,1662,2000,B
Floor-3-Wing-North-Line-1,730,800,B
Floor-1-Wing-South-Line-5,1433,1500,C
Floor-5-Wing-South-Line-4,1232,1500,C
Floor-2-Wing-South-Line-5,1420,1500,C
Floor-3-Wing-North-Line-3,1589,2000,A
Floor-4-Wing-South-Line-5,472,500,C
Floor-1-Wing-North-Line-1,722,800,C
Floor-3-Wing-North-Line-5,760,800,B
Floor-2-Wing-North-Line-2,651,800,C
Floor-3-Wing-North-Line-5,437,500,B
Floor-3-Wing-South-Line-5,632,800,A
Floor-2-Wing-North-Line-1,486,500,B
Floor-5-Wing-North-Line-4,1986,2000,A
Floor-4-Wing-South-Line-1,1096,1200,B
Floor-2-Wing-South-Line-4,1763,2000,C
Floor-1-Wing-South-Line-2,1243,1500,A
Floor-4-Wing-North-Line-1,1634,2000,C
Floor-1-Wing-North-Line-3,1249,1500,C
Floor-2-Wing-South-Line-2,766,800,A
Floor-2-Wing-North-Line-1,1885,2000,A
Floor-1-Wing-South-Line-2,415,500,A
Floor-2-Wing-North-Line-5,1679,2000,B
Floor-4-Wing-North-Line-5,1658,2000,A
Floor-4-Wing-North-Line-3,1489,1500,B
Floor-3-Wing-South-Line-3,1576,2000,B
Floor-2-Wing-North-Line-3,1153,1200,B
Floor-5-Wing-South-Line-5,1909,2000,C
Floor-5-Wing-North-Line-4,711,800,C
Floor-4-Wing-South-Line-2,744,800,B
Floor-1-Wing-South-Line-5,799,800,A
Floor-2-Wing-South-Line-3,1456,1500,B
Floor-5-Wing-North-Line-3,411,500,A
Floor-3-Wing-South-Line-3,1450,1500,A
Floor-2-Wing-South-Line-5,1903,2000,C
Floor-5-Wing-North-Line-4,1377,1500,B
Floor-4-Wing-South-Line-5,448,500,A
Floor-2-Wing-North-Line-1,1043,1200,B
Floor-5-Wing-North-Line-2,630,800,C
Floor-1-Wing-South-Line-3,1331,1500,A
Floor-1-Wing-North-Line-1,1340,1500,C
Floor-1-Wing-South-Line-4,765,800,A
Floor-4-Wing-South-Line-5,1100,1200,B
Floor-3-Wing-South-Line-3,1380,1500,A
Floor-5-Wing-North-Line-3,1387,1500,C
Floor-4-Wing-North-Line-2,484,500,B
Floor-1-Wing-North-Line-2,1030,1200,B
Floor-4-Wing-South-Line-3,1752,2000,C
Floor-2-Wing-North-Line-1,1269,1500,A
Floor-5-Wing-North-Line-5,1228,1500,C
Floor-4-Wing-South-Line-1,1476,1500,A
Floor-1-Wing-North-Line-4,633,800,C
Floor-5-Wing-South-Line-3,1004,1200,B
Floor-5-Wing-North-Line-3,1148,1200,C
Floor-2-Wing-South-Line-2,1904,2000,C
Floor-4-Wing-North-Line-2,671,800,B
Floor-3-Wing-North-Line-4,1850,2000,C
Floor-1-Wing-South-Line-1,803,800,A
Floor-5-Wing-South-Line-5,443,500,A
Floor-5-Wing-South-Line-5,408,500,B
Floor-2-Wing-North-Line-3,778,800,B
Floor-1-Wing-South-Line-1,735,800,C
Floor-4-Wing-South-Line-3,1789,2000,A
Floor-5-Wing-North-Line-2,471,500,B
Floor-4-Wing-North-Line-5,1511,1500,A
Floor-3-Wing-South-Line-3,488,500,B
Floor-3-Wing-South-Line-4,667,800,B
Floor-4-Wing-North-Line-1,1438,1500,B
Floor-4-Wing-North-Line-2,1982,2000,A
Floor-1-Wing-South-Line-2,1051,1200,B
Floor-3-Wing-South-Line-1,1279,1500,A
Floor-1-Wing-North-Line-4,985,1200,C
Floor-1-Wing-South-Line-5,787,800,A
Floor-1-Wing-South-Line-2,1137,1200,B
Floor-5-Wing-South-Line-1,498,500,A
Floor-2-Wing-North-Line-1,1217,1500,B
Floor-4-Wing-North-Line-2,1670,2000,B
Floor-4-Wing-South-Line-2,1653,2000,A
Floor-2-Wing-North-Line-1,411,500,A
Floor-2-Wing-North-Line-3,477,500,C
Floor-1-Wing-South-Line-2,1589,2000,A
Floor-3-Wing-North-Line-5,493,500,C
Floor-5-Wing-North-Line-2,1188,1500,A
Floor-3-Wing-South-Line-1,1488,1500,C
Floor-2-Wing-North-Line-4,1230,1500,A
Floor-5-Wing-South-Line-3,1696,2000,B
Floor-3-Wing-North-Line-5,477,500,C
Floor-2-Wing-North-Line-5,497,500,C
Floor-1-Wing-North-Line-5,1903,2000,C
Floor-3-Wing-North-Line-3,1329,1500,C
Floor-3-Wing-North-Line-3,721,800,A
Floor-2-Wing-North-Line-3,484,500,C
Floor-3-Wing-South-Line-3,1212,1200,C
Floor-5-Wing-South-Line-4,1481,1500,C
Floor-4-Wing-South-Line-4,1491,1500,C
Floor-1-Wing-North-Line-2,1335,1500,B
Floor-4-Wing-North-Line-3,725,800,A
Floor-3-Wing-South-Line-4,402,500,A
Floor-5-Wing-North-Line-4,1432,1500,A
Floor-4-Wing-North-Line-1,412,500,B
Floor-2-Wing-North-Line-4,1105,1200,A
Floor-4-Wing-North-Line-4,1931,2000,B
Floor-5-Wing-North-Line-4,1951,2000,A
Floor-3-Wing-South-Line-4,2038,2000,A
Floor-4-Wing-North-Line-4,1866,2000,C
Floor-2-Wing-North-Line-1,1457,1500,A
Floor-2-Wing-North-Line-2,1692,2000,B
Floor-3-Wing-South-Line-2,1183,1500,B
Floor-5-Wing-South-Line-3,1132,1200,A
Floor-1-Wing-South-Line-4,1043,1200,A
Floor-4-Wing-South-Line-3,422,500,C
Floor-4-Wing-South-Line-5,1102,1200,A
Floor-5-Wing-North-Line-2,1216,1500,B
Floor-3-Wing-South-Line-3,1903,2000,B
Floor-4-Wing-North-Line-2,1420,1500,C
Floor-2-Wing-South-Line-2,1164,1200,C
Floor-5-Wing-North-Line-2,1326,1500,C
Floor-1-Wing-North-Line-3,1220,1500,C
Floor-3-Wing-South-Line-5,1514,1500,A
Floor-1-Wing-North-Line-5,718,800,A
Floor-5-Wing-North-Line-5,1218,1500,B
Floor-2-Wing-South-Line-3,763,800,C
Floor-2-Wing-North-Line-5,1902,2000,B
Floor-3-Wing-North-Line-4,1962,2000,A
Floor-5-Wing-South-Line-4,493,500,C
Floor-5-Wing-North-Line-3,1682,2000,A
Floor-4-Wing-South-Line-3,694,800,C
Floor-2-Wing-North-Line-1,467,500,A
Floor-1-Wing-South-Line-1,776,800,B
Floor-4-Wing-South-Line-2,1263,1500,A
Floor-2-Wing-North-Line-5,1841,2000,C
Floor-1-Wing-South-Line-2,1175,1500,B
Floor-2-Wing-South-Line-2,1563,2000,C
Floor-2-Wing-North-Line-4,1419,1500,A
Floor-4-Wing-South-Line-5,692,800,C
Floor-5-Wing-South-Line-3,1902,2000,A
Floor-5-Wing-South-Line-4,1066,1200,B
Floor-3-Wing-North-Line-1,657,800,C
Floor-4-Wing-North-Line-4,1464,1500,A
Floor-3-Wing-South-Line-5,480,500,A
Floor-2-Wing-South-Line-2,1605,2000,C
Floor-5-Wing-North-Line-2,1475,1500,C
Floor-3-Wing-South-Line-3,2027,2000,B
Floor-5-Wing-North-Line-5,1807,2000,C
Floor-4-Wing-South-Line-4,1159,1200,C
Floor-1-Wing-North-Line-5,1220,1500,C
